Time,Photons Emitted pixel 0,Photons Emitted pixel 1,Photons Emitted pixel 2,Photons Emitted pixel 3,Photons Emitted pixel 4
0.5,204,279,233,258,238
1.0,225,171,180,213,185
1.5,204,150,220,166,198
2.0,232,218,209,164,161
2.5,178,202,205,245,202
3.0,172,188,173,234,207
3.5,196,218,186,199,222
4.0,159,213,184,210,195
4.5,197,187,204,196,215
5.0,196,185,218,199,192
5.5,192,198,231,203,175
6.0,210,163,201,203,203
6.5,204,180,166,191,201
7.0,185,243,196,240,219
7.5,224,187,210,192,167
8.0,210,188,213,202,228
8.5,146,171,189,238,197
9.0,199,161,207,182,230
9.5,212,197,166,204,227
10.0,192,230,217,203,182
10.5,172,192,211,214,205
11.0,200,167,185,210,217
11.5,209,189,200,197,224
12.0,189,218,167,187,206
12.5,214,191,213,172,217
13.0,208,165,197,196,203
13.5,174,165,232,200,221
14.0,170,180,184,174,193
14.5,227,167,197,183,201
15.0,198,178,196,233,212
15.5,261,185,204,205,218
16.0,206,167,197,193,214
16.5,184,205,188,212,193
17.0,231,163,203,204,177
17.5,180,204,175,192,205
18.0,182,158,196,209,203
18.5,186,175,201,185,229
19.0,207,186,190,173,202
19.5,205,208,213,195,201
20.0,197,194,183,190,192
20.5,186,213,185,190,206
21.0,199,195,222,208,197
21.5,252,191,192,209,225
22.0,184,203,193,186,222
22.5,182,180,189,214,186
23.0,205,182,185,180,205
23.5,200,203,226,195,189
24.0,183,169,219,226,209
24.5,217,200,190,201,226
25.0,168,230,219,196,213
25.5,205,195,203,221,173
26.0,196,181,206,178,220
26.5,214,195,173,186,229
27.0,225,196,254,186,216
27.5,171,193,201,172,193
28.0,195,164,200,167,209
28.5,188,166,187,202,188
29.0,197,202,211,200,217
29.5,226,180,180,193,157
30.0,201,186,208,226,209
30.5,186,164,213,207,160
31.0,199,202,196,179,170
31.5,245,182,202,214,191
32.0,190,210,193,162,202
32.5,193,190,214,207,182
33.0,218,163,205,165,228
33.5,223,193,230,224,238
34.0,177,186,207,188,184
34.5,165,211,200,224,194
35.0,222,181,182,187,184
35.5,212,221,163,229,195
36.0,205,194,183,222,184
36.5,210,209,205,215,181
37.0,175,205,229,193,169
37.5,190,190,205,200,229
38.0,172,192,194,195,184
38.5,223,155,193,198,189
39.0,212,200,190,191,168
39.5,180,179,208,200,192
40.0,191,198,185,192,177
40.5,206,209,200,207,221
41.0,212,197,212,211,198
41.5,227,177,225,189,222
42.0,183,183,233,199,191
42.5,204,180,189,216,227
43.0,211,182,239,215,218
43.5,230,156,217,198,215
44.0,219,195,205,172,170
44.5,209,166,180,219,200
45.0,158,187,228,190,189
45.5,168,160,169,166,223
46.0,214,189,194,195,187
46.5,203,163,184,202,194
47.0,223,203,170,189,208
47.5,206,224,187,200,172
48.0,220,192,195,184,168
48.5,227,175,212,204,191
49.0,177,190,201,206,203
49.5,200,200,174,197,209
50.0,190,184,224,178,190
50.5,228,183,223,222,210
51.0,192,191,199,209,196
51.5,245,209,196,179,226
52.0,214,174,194,183,180
52.5,194,160,195,181,162
53.0,190,181,243,193,225
53.5,178,205,204,183,197
54.0,192,207,179,184,188
54.5,214,197,208,193,163
55.0,217,183,174,151,178
55.5,215,199,209,179,183
56.0,190,196,218,214,228
56.5,196,175,199,183,175
57.0,248,194,195,183,197
57.5,200,181,187,182,203
58.0,203,198,177,166,206
58.5,177,204,210,179,187
59.0,212,222,201,191,218
59.5,207,169,188,190,188
60.0,208,191,189,201,186
60.5,190,170,175,203,186
61.0,207,159,186,179,178
61.5,194,166,206,205,199
62.0,214,209,199,213,186
62.5,208,168,223,171,218
63.0,200,204,226,172,212
63.5,175,175,180,212,157
64.0,208,170,188,168,185
64.5,182,203,196,195,205
65.0,178,176,167,207,189
65.5,225,173,189,201,185
66.0,186,169,190,204,192
66.5,222,165,186,189,195
67.0,173,153,220,197,185
67.5,197,179,183,202,184
68.0,185,183,193,170,178
68.5,206,192,211,199,188
69.0,203,173,187,176,183
69.5,187,156,228,205,185
70.0,213,184,206,232,174
70.5,190,173,161,185,160
71.0,181,168,184,189,188
71.5,184,200,189,204,207
72.0,231,220,183,192,231
72.5,198,206,216,188,224
73.0,185,208,220,216,182
73.5,202,196,190,213,208
74.0,203,170,189,159,183
74.5,191,184,195,191,186
75.0,167,181,208,217,185
75.5,200,217,175,201,204
76.0,154,223,201,184,163
76.5,214,176,195,200,176
77.0,202,162,158,180,187
77.5,168,156,200,208,211
78.0,218,175,217,204,181
78.5,185,156,168,178,188
79.0,182,170,203,263,218
79.5,171,181,214,216,183
80.0,236,183,214,220,182
80.5,215,213,199,191,197
81.0,158,166,198,181,203
81.5,215,156,232,192,209
82.0,204,192,196,188,218
82.5,196,157,167,208,208
83.0,171,181,209,194,181
83.5,200,185,201,184,193
84.0,205,166,212,196,164
84.5,206,189,216,205,233
85.0,161,207,199,196,197
85.5,181,186,189,195,222
86.0,242,196,199,176,154
86.5,198,183,177,230,184
87.0,213,184,186,213,207
87.5,185,187,192,186,178
88.0,192,205,182,197,174
88.5,193,205,206,175,163
89.0,183,172,178,190,223
89.5,176,186,209,215,192
90.0,167,184,175,166,187
90.5,188,180,179,193,165
91.0,170,181,209,200,197
91.5,215,200,215,227,179
92.0,209,178,208,181,191
92.5,222,168,190,208,186
93.0,217,182,178,185,188
93.5,165,170,174,192,141
94.0,191,164,211,214,175
94.5,190,215,195,201,191
95.0,170,164,229,200,192
95.5,217,210,180,204,196
96.0,189,157,172,210,166
96.5,175,178,190,174,215
97.0,205,153,220,191,172
97.5,171,161,201,184,197
98.0,206,170,221,182,179
98.5,233,187,180,225,167
99.0,223,209,177,193,197
99.5,198,154,209,185,178
100.0,198,172,193,227,193
100.5,184,168,189,185,197
101.0,201,199,180,188,188
101.5,210,173,201,201,199
102.0,192,194,203,180,181
102.5,195,183,197,196,197
103.0,182,204,185,195,188
103.5,190,151,160,173,206
104.0,200,173,197,209,204
104.5,202,179,175,197,226
105.0,191,200,220,189,194
105.5,202,174,177,233,221
106.0,173,176,193,202,196
106.5,210,181,200,180,190
107.0,172,154,195,193,194
107.5,155,177,164,220,176
108.0,231,197,200,191,202
108.5,191,183,174,176,208
109.0,220,176,173,172,179
109.5,199,184,225,220,227
110.0,198,154,179,231,187
110.5,191,156,182,217,208
111.0,208,178,214,179,169
111.5,158,193,191,167,218
112.0,177,165,208,192,213
112.5,139,171,192,202,178
113.0,188,196,215,204,228
113.5,174,200,163,202,213
114.0,189,172,183,161,181
114.5,196,192,188,233,220
115.0,156,172,182,207,183
115.5,152,153,203,150,188
116.0,147,186,161,243,194
116.5,183,192,210,173,177
117.0,220,179,166,195,206
117.5,154,190,156,141,169
118.0,173,189,210,172,193
118.5,207,167,160,215,168
119.0,192,171,158,201,193
119.5,197,216,221,151,185
120.0,224,180,172,212,191
120.5,181,188,188,167,186
121.0,177,172,204,189,188
121.5,190,177,209,188,204
122.0,203,173,180,186,175
122.5,207,191,193,162,198
123.0,154,168,193,214,182
123.5,149,193,198,214,209
124.0,178,200,220,205,205
124.5,168,158,207,194,193
125.0,175,225,198,173,159
125.5,180,194,180,177,230
126.0,216,182,180,226,203
126.5,196,155,206,213,182
127.0,204,161,200,192,226
127.5,160,174,188,218,175
128.0,203,175,172,224,190
128.5,172,185,165,207,188
129.0,199,176,188,182,237
129.5,180,194,210,193,190
130.0,156,171,191,200,213
130.5,167,171,184,208,166
131.0,190,188,184,171,199
131.5,175,198,182,185,194
132.0,191,182,170,203,197
132.5,179,201,164,229,198
133.0,194,183,196,205,194
133.5,184,193,161,173,186
134.0,185,163,181,163,195
134.5,183,183,207,193,180
135.0,201,165,229,189,198
135.5,211,189,211,187,199
136.0,199,172,165,204,206
136.5,156,178,197,201,209
137.0,216,183,203,164,191
137.5,211,202,177,168,194
138.0,187,202,192,193,195
138.5,197,190,183,189,214
139.0,183,176,162,226,227
139.5,153,175,190,172,204
140.0,216,175,218,218,173
140.5,165,123,181,184,192
141.0,190,187,174,188,182
141.5,169,201,166,159,207
142.0,195,206,214,181,194
142.5,181,168,183,180,219
143.0,170,175,168,170,210
143.5,172,191,168,183,222
144.0,220,155,176,182,181
144.5,159,202,162,171,218
145.0,177,194,189,188,170
145.5,175,180,184,192,158
146.0,193,170,201,198,187
146.5,204,182,179,197,171
147.0,207,167,153,207,214
147.5,212,201,174,197,170
148.0,183,199,189,200,164
148.5,182,160,222,199,183
149.0,184,194,156,187,188
149.5,194,195,175,159,231
150.0,179,146,164,185,186
150.5,178,177,151,181,168
151.0,200,172,203,230,210
151.5,176,162,195,195,193
152.0,189,208,179,198,192
152.5,179,196,178,182,195
153.0,215,209,215,193,196
153.5,218,205,209,211,217
154.0,187,153,173,198,192
154.5,197,172,209,178,180
155.0,223,161,215,187,203
155.5,185,167,192,236,217
156.0,159,194,192,178,221
156.5,175,182,146,174,204
157.0,192,173,185,187,184
157.5,176,161,183,188,190
158.0,172,164,200,207,189
158.5,228,160,177,211,197
159.0,175,173,146,200,192
159.5,167,192,190,176,163
160.0,187,166,212,165,215
160.5,193,168,179,184,200
161.0,183,198,180,214,202
161.5,183,174,214,176,166
162.0,190,192,179,185,198
162.5,165,194,158,169,202
163.0,189,175,168,188,163
163.5,165,147,210,193,183
164.0,187,202,183,170,185
164.5,174,187,172,192,174
165.0,211,190,195,158,182
165.5,194,172,186,193,195
166.0,209,174,181,211,190
166.5,177,207,170,166,188
167.0,206,195,208,185,171
167.5,160,173,197,161,140
168.0,158,152,189,208,244
168.5,183,212,189,172,200
169.0,193,190,176,206,190
169.5,189,181,188,211,166
170.0,212,172,175,181,200
170.5,166,167,193,158,188
171.0,212,181,202,181,205
171.5,184,123,185,178,199
172.0,166,163,199,196,181
172.5,191,153,169,173,182
173.0,209,189,172,204,194
173.5,160,164,168,154,161
174.0,229,203,173,189,205
174.5,160,156,195,194,178
175.0,196,213,224,189,143
175.5,154,208,212,166,181
176.0,196,221,189,179,159
176.5,209,198,175,225,165
177.0,181,185,199,201,194
177.5,194,185,192,168,187
178.0,187,209,180,171,177
178.5,186,173,168,181,179
179.0,168,171,209,193,203
179.5,200,164,219,193,184
180.0,209,164,201,195,179
180.5,186,174,199,165,153
181.0,157,198,193,162,187
181.5,208,201,181,171,188
182.0,168,195,181,211,205
182.5,189,207,177,176,198
183.0,177,156,178,206,179
183.5,175,166,178,173,199
184.0,193,217,193,196,172
184.5,169,174,200,172,207
185.0,183,190,176,160,204
185.5,171,186,203,202,149
186.0,171,166,154,200,196
186.5,203,160,158,165,177
187.0,200,199,170,182,188
187.5,176,185,175,184,189
188.0,206,184,161,197,175
188.5,189,168,199,188,189
189.0,185,169,174,178,190
189.5,189,193,173,186,205
190.0,178,178,165,187,160
190.5,193,151,183,165,156
191.0,161,191,138,212,148
191.5,179,170,188,209,206
192.0,152,185,140,179,232
192.5,188,160,201,198,170
193.0,182,167,185,140,173
193.5,165,174,172,221,190
194.0,183,160,204,200,180
194.5,171,193,177,224,212
195.0,249,177,194,215,197
195.5,154,178,175,163,151
196.0,228,162,175,193,187
196.5,181,188,173,165,193
197.0,148,181,170,184,184
197.5,177,172,160,167,168
198.0,174,189,173,169,192
198.5,192,198,155,189,186
199.0,174,181,157,189,167
199.5,174,156,172,232,165
200.0,187,183,166,198,164
200.5,181,157,154,173,197
201.0,173,191,194,183,181
201.5,210,150,169,201,179
202.0,179,182,154,228,169
202.5,159,156,187,180,148
203.0,170,178,185,192,172
203.5,188,167,162,178,196
204.0,196,183,152,195,178
204.5,146,135,179,156,204
205.0,184,182,147,220,150
205.5,170,166,220,202,198
206.0,180,170,160,205,194
206.5,185,197,160,183,188
207.0,187,147,198,188,182
207.5,197,194,172,196,185
208.0,215,157,184,193,196
208.5,215,180,171,185,180
209.0,202,182,164,175,179
209.5,190,125,194,190,193
210.0,196,187,192,183,193
210.5,188,177,173,181,219
211.0,194,160,148,174,187
211.5,171,164,164,157,166
212.0,174,173,169,185,188
212.5,191,157,167,209,169
213.0,175,170,153,191,177
213.5,195,157,197,187,229
214.0,167,180,177,184,191
214.5,183,136,160,212,157
215.0,209,176,170,169,178
215.5,224,174,149,174,194
216.0,180,148,181,161,183
216.5,149,189,163,196,191
217.0,189,174,201,217,188
217.5,191,164,175,190,214
218.0,196,189,209,202,174
218.5,178,196,175,210,196
219.0,181,173,156,177,195
219.5,225,151,134,186,155
220.0,191,168,175,187,197
220.5,170,158,158,244,173
221.0,169,180,198,212,180
221.5,171,140,144,170,161
222.0,157,166,161,194,159
222.5,170,184,167,180,210
223.0,216,178,184,182,178
223.5,201,152,181,165,180
224.0,178,158,159,216,163
224.5,181,189,149,198,172
225.0,180,167,177,195,198
225.5,170,164,164,184,187
226.0,160,164,156,192,191
226.5,186,173,166,212,173
227.0,184,148,170,195,171
227.5,180,190,164,201,178
228.0,181,172,181,183,179
228.5,180,103,167,188,164
229.0,209,171,160,174,183
229.5,178,165,149,200,221
230.0,144,171,187,171,174
230.5,188,162,144,209,163
231.0,179,165,173,179,162
231.5,191,166,158,195,178
232.0,161,159,176,209,168
232.5,202,171,168,186,195
233.0,210,159,140,157,190
233.5,187,177,128,175,146
234.0,219,192,159,187,172
234.5,148,168,170,228,189
235.0,176,158,165,171,174
235.5,176,172,151,144,186
236.0,134,173,181,174,188
236.5,165,184,180,184,152
237.0,184,150,171,204,163
237.5,167,200,167,188,191
238.0,178,160,168,182,187
238.5,152,141,129,184,180
239.0,194,162,205,175,169
239.5,185,190,182,145,169
240.0,162,176,172,183,187
240.5,157,176,146,172,170
241.0,177,164,169,164,181
241.5,152,163,174,185,178
242.0,181,157,159,164,170
242.5,193,165,168,229,220
243.0,155,166,133,201,175
243.5,190,170,130,205,174
244.0,171,175,174,227,195
244.5,178,138,170,185,175
245.0,167,184,172,154,189
245.5,215,162,135,181,180
246.0,178,163,155,176,191
246.5,173,120,156,177,152
247.0,187,165,139,199,154
247.5,151,153,177,180,166
248.0,167,162,132,144,182
248.5,180,164,139,195,167
249.0,186,176,187,179,159
249.5,187,161,158,168,177
250.0,166,165,148,181,196
250.5,178,137,158,185,181
251.0,196,147,158,157,170
251.5,155,178,174,200,182
252.0,162,173,136,190,157
252.5,179,168,170,221,191
253.0,169,154,141,172,183
253.5,168,214,177,182,173
254.0,173,147,170,202,148
254.5,206,165,174,179,189
255.0,192,180,137,163,160
255.5,170,140,189,186,191
256.0,120,161,175,175,191
256.5,184,139,186,202,189
257.0,171,171,149,205,185
257.5,154,158,175,172,183
258.0,166,150,159,209,181
258.5,181,148,188,157,156
259.0,197,165,167,179,205
259.5,147,169,153,186,188
260.0,152,163,151,159,181
260.5,193,163,163,209,142
261.0,194,168,202,156,162
261.5,136,168,152,222,170
262.0,160,170,166,154,181
262.5,189,169,199,177,162
263.0,192,154,130,154,201
263.5,178,171,164,163,157
264.0,161,156,159,188,159
264.5,157,161,165,196,191
265.0,190,175,187,172,136
265.5,136,132,160,171,195
266.0,158,147,153,165,160
266.5,181,130,176,168,172
267.0,163,145,169,205,136
267.5,171,170,127,174,153
268.0,167,153,204,179,144
268.5,165,153,181,214,157
269.0,152,159,166,182,167
269.5,144,154,180,187,185
270.0,174,147,139,169,144
270.5,164,154,176,184,164
271.0,171,150,192,202,187
271.5,158,184,137,189,159
272.0,190,154,181,200,182
272.5,181,137,146,191,164
273.0,166,163,167,152,203
273.5,159,154,131,169,195
274.0,156,150,161,192,166
274.5,191,160,175,191,159
275.0,158,182,176,165,151
275.5,194,166,176,159,175
276.0,193,128,167,179,200
276.5,173,161,162,169,156
277.0,157,180,149,186,187
277.5,134,164,187,178,182
278.0,180,134,174,201,192
278.5,159,146,196,193,158
279.0,187,169,151,178,186
279.5,210,149,175,181,183
280.0,130,163,162,153,146
280.5,171,176,156,183,186
281.0,167,158,131,178,200
281.5,182,140,199,180,184
282.0,184,173,135,184,178
282.5,174,166,134,218,182
283.0,138,167,129,126,177
283.5,168,143,165,196,164
284.0,195,161,154,173,177
284.5,150,153,149,172,177
285.0,126,148,163,177,177
285.5,151,133,127,198,166
286.0,165,151,168,201,168
286.5,176,159,153,224,175
287.0,155,172,180,166,186
287.5,160,157,170,166,169
288.0,143,164,138,190,158
288.5,179,180,145,183,168
289.0,145,168,179,206,167
289.5,136,148,144,162,183
290.0,180,178,123,172,173
290.5,163,164,142,181,182
291.0,178,125,162,236,171
291.5,152,150,179,213,196
292.0,173,134,184,226,197
292.5,156,152,162,173,167
293.0,149,193,126,185,185
293.5,172,179,162,193,180
294.0,146,134,167,187,181
294.5,166,161,123,165,175
295.0,161,160,153,183,171
295.5,165,176,155,185,162
296.0,177,176,176,180,148
296.5,179,156,168,191,179
297.0,178,156,151,155,179
297.5,169,145,147,172,212
298.0,155,148,165,208,167
298.5,144,146,142,184,151
299.0,158,122,172,182,155
299.5,154,170,155,172,165
300.0,190,169,141,172,171
300.5,164,115,165,208,185
301.0,169,123,177,176,167
301.5,143,139,147,164,174
302.0,153,165,153,137,168
302.5,157,152,173,167,191
303.0,165,151,172,163,181
303.5,136,153,125,168,166
304.0,180,143,178,182,180
304.5,168,167,180,190,159
305.0,162,155,146,156,168
305.5,168,153,158,161,193
306.0,188,152,157,165,182
306.5,184,157,207,170,162
307.0,164,147,138,176,203
307.5,161,169,131,157,207
308.0,160,163,165,167,160
308.5,198,138,141,193,154
309.0,156,173,163,147,181
309.5,161,116,162,160,171
310.0,176,160,164,169,155
310.5,129,161,163,157,200
311.0,169,155,163,161,169
311.5,171,157,203,169,175
312.0,147,143,155,174,177
312.5,162,136,187,167,163
313.0,166,131,162,143,187
313.5,165,166,150,147,177
314.0,188,149,157,185,147
314.5,160,151,160,210,202
315.0,144,141,165,142,173
315.5,185,121,145,190,170
316.0,180,146,176,206,154
316.5,190,153,161,185,178
317.0,154,129,181,175,175
317.5,165,154,138,193,149
318.0,151,149,146,171,202
318.5,188,147,171,179,176
319.0,155,183,197,181,154
319.5,199,170,136,183,171
320.0,172,159,158,203,203
320.5,166,134,173,206,213
321.0,147,124,164,229,166
321.5,183,177,147,179,174
322.0,188,169,152,197,188
322.5,142,147,182,187,152
323.0,176,150,128,183,148
323.5,165,153,149,185,186
324.0,140,137,185,186,152
324.5,170,176,165,172,169
325.0,145,172,163,176,169
325.5,182,141,149,154,165
326.0,132,124,141,172,186
326.5,188,153,152,176,185
327.0,137,156,179,188,193
327.5,186,150,155,175,198
328.0,180,152,174,170,165
328.5,161,171,145,175,151
329.0,141,156,140,187,136
329.5,135,170,172,177,193
330.0,176,155,163,191,167
330.5,154,164,164,174,164
331.0,137,185,169,205,173
331.5,164,165,156,178,165
332.0,184,153,136,194,192
332.5,179,130,185,201,150
333.0,139,159,139,176,187
333.5,133,151,152,198,178
334.0,143,194,146,194,163
334.5,142,157,155,192,189
335.0,150,161,153,173,191
335.5,185,149,158,173,144
336.0,143,166,148,163,210
336.5,163,143,157,197,175
337.0,174,174,155,186,180
337.5,182,158,146,182,205
338.0,142,145,160,142,155
338.5,202,131,141,160,171
339.0,160,157,157,187,183
339.5,144,151,166,180,174
340.0,139,188,138,207,187
340.5,165,180,160,167,151
341.0,161,153,153,168,171
341.5,181,138,126,178,152
342.0,150,180,164,185,200
342.5,163,119,149,181,166
343.0,175,156,159,169,187
343.5,185,185,140,175,161
344.0,129,166,134,150,200
344.5,155,136,150,210,172
345.0,181,158,186,187,167
345.5,160,167,162,182,195
346.0,136,160,133,182,171
346.5,140,134,151,144,160
347.0,175,132,140,175,155
347.5,176,157,160,162,186
348.0,171,166,161,175,173
348.5,177,149,153,176,154
349.0,147,156,124,171,157
349.5,150,144,136,185,178
350.0,159,145,129,208,174
350.5,142,172,121,187,165
351.0,163,149,148,186,153
351.5,171,143,132,155,165
352.0,165,139,168,167,154
352.5,160,184,152,212,195
353.0,176,142,137,184,145
353.5,176,158,131,176,197
354.0,130,149,165,198,137
354.5,186,130,133,177,159
355.0,160,152,153,183,171
355.5,211,144,164,163,141
356.0,164,113,172,155,146
356.5,191,141,153,167,149
357.0,174,124,136,147,151
357.5,152,145,134,153,197
358.0,153,157,149,169,177
358.5,163,150,119,170,144
359.0,171,161,130,169,180
359.5,154,142,144,179,173
360.0,179,119,139,145,140
360.5,148,146,154,185,178
361.0,118,144,144,165,173
361.5,190,141,130,189,150
362.0,174,130,163,159,168
362.5,149,129,131,156,204
363.0,175,119,163,185,176
363.5,180,143,157,163,142
364.0,151,126,123,182,175
364.5,177,150,166,186,164
365.0,168,140,161,147,129
365.5,156,165,155,193,164
366.0,180,157,162,195,198
366.5,157,148,137,173,184
367.0,184,149,141,157,168
367.5,160,151,163,182,186
368.0,195,167,150,152,146
368.5,166,114,140,172,179
369.0,166,189,166,167,167
369.5,173,180,141,175,180
370.0,149,131,149,190,203
370.5,174,159,162,181,179
371.0,183,163,144,162,210
371.5,152,139,139,147,173
372.0,156,145,144,190,155
372.5,154,186,160,173,155
373.0,159,149,156,164,156
373.5,162,159,139,155,169
374.0,146,141,134,168,185
374.5,157,138,138,176,180
375.0,162,173,148,181,197
375.5,173,137,145,178,172
376.0,146,146,135,180,165
376.5,159,160,148,190,169
377.0,168,160,120,169,179
377.5,200,147,149,180,200
378.0,165,141,151,167,155
378.5,159,135,133,186,147
379.0,156,121,135,174,164
379.5,159,167,181,183,167
380.0,179,140,152,207,146
380.5,160,148,159,201,188
381.0,157,143,157,165,173
381.5,169,150,129,159,175
382.0,139,163,187,168,148
382.5,177,139,151,210,175
383.0,151,138,147,166,164
383.5,179,143,179,172,138
384.0,164,160,170,159,149
384.5,165,152,141,143,160
385.0,155,158,143,160,166
385.5,185,132,168,188,163
386.0,175,117,148,149,176
386.5,161,161,130,146,185
387.0,176,148,138,168,150
387.5,136,135,131,157,180
388.0,172,173,154,191,141
388.5,166,168,144,194,173
389.0,184,152,140,160,173
389.5,121,158,171,179,167
390.0,153,131,154,166,139
390.5,184,158,133,159,190
391.0,153,163,138,190,160
391.5,171,171,135,163,158
392.0,148,140,144,124,163
392.5,125,152,144,151,171
393.0,154,153,149,141,142
393.5,174,153,128,145,173
394.0,180,147,148,179,177
394.5,166,148,150,166,156
395.0,189,158,125,137,152
395.5,201,130,132,128,155
396.0,170,112,157,157,154
396.5,195,140,184,158,177
397.0,110,147,141,148,197
397.5,189,157,150,154,143
398.0,130,129,156,159,157
398.5,156,152,167,166,147
399.0,167,137,156,135,168
399.5,135,172,172,147,159
400.0,187,149,144,219,180
400.5,144,141,161,187,186
401.0,125,152,148,168,136
401.5,152,128,160,188,144
402.0,152,173,150,181,126
402.5,166,134,152,135,161
403.0,167,151,109,135,151
403.5,160,159,146,172,181
404.0,153,153,148,172,187
404.5,170,147,128,170,218
405.0,159,156,167,175,157
405.5,160,160,127,142,184
406.0,134,141,151,130,157
406.5,160,161,153,166,149
407.0,139,140,152,140,164
407.5,144,137,126,140,185
408.0,172,151,168,154,158
408.5,156,137,171,169,142
409.0,154,157,167,160,166
409.5,134,167,130,181,163
410.0,167,150,153,185,176
410.5,173,132,136,159,183
411.0,167,105,133,195,165
411.5,172,156,166,154,172
412.0,146,122,146,138,141
412.5,175,152,147,167,160
413.0,170,189,151,169,146
413.5,170,152,150,162,177
414.0,170,136,132,152,169
414.5,168,151,141,158,147
415.0,134,154,146,189,160
415.5,184,167,140,132,185
416.0,176,119,141,154,139
416.5,140,176,120,180,145
417.0,173,146,159,165,158
417.5,141,134,157,175,177
418.0,162,151,165,133,156
418.5,177,142,158,167,147
419.0,167,133,171,126,157
419.5,141,135,151,157,179
420.0,152,150,156,162,159
420.5,189,169,142,183,162
421.0,168,142,141,159,157
421.5,149,132,168,209,180
422.0,187,144,180,132,176
422.5,175,178,158,143,149
423.0,171,130,131,136,176
423.5,166,154,125,146,156
424.0,158,143,164,178,143
424.5,151,166,147,175,150
425.0,174,155,142,155,192
425.5,153,136,129,145,153
426.0,136,135,113,175,183
426.5,158,147,150,148,179
427.0,160,89,158,169,186
427.5,157,147,136,156,147
428.0,157,175,145,144,180
428.5,127,143,144,174,148
429.0,169,171,127,179,189
429.5,172,135,148,171,190
430.0,156,150,128,163,162
430.5,163,145,117,176,166
431.0,148,171,145,156,166
431.5,145,153,152,130,174
432.0,161,158,152,152,192
432.5,155,124,122,146,180
433.0,158,158,141,154,190
433.5,176,150,163,162,161
434.0,164,146,170,114,167
434.5,171,149,157,173,180
435.0,180,146,137,168,180
435.5,189,152,198,144,155
436.0,152,159,178,168,150
436.5,128,128,152,176,149
437.0,178,129,184,150,141
437.5,149,159,158,177,147
438.0,177,116,164,183,171
438.5,147,146,148,157,181
439.0,152,163,160,180,165
439.5,163,159,138,165,180
440.0,147,143,139,154,157
440.5,135,149,140,133,130
441.0,125,133,161,159,149
441.5,158,129,146,168,164
442.0,151,172,154,174,177
442.5,134,146,167,170,170
443.0,142,181,155,143,168
443.5,168,165,128,159,142
444.0,173,160,143,169,188
444.5,146,139,172,154,157
445.0,166,138,152,145,156
445.5,160,164,112,159,170
446.0,129,153,153,162,160
446.5,179,128,155,177,162
447.0,153,159,124,167,130
447.5,155,142,185,134,176
448.0,163,107,149,167,164
448.5,115,142,129,166,166
449.0,158,166,183,162,180
449.5,152,134,118,132,166
450.0,159,135,148,175,159
450.5,147,150,177,136,174
451.0,156,148,155,164,173
451.5,159,164,125,162,180
452.0,188,127,165,163,216
452.5,147,155,152,169,175
453.0,140,141,151,178,185
453.5,166,138,156,173,168
454.0,149,151,128,160,237
454.5,161,122,145,162,187
455.0,140,135,164,144,174
455.5,147,162,135,172,139
456.0,156,130,144,141,164
456.5,158,156,158,142,129
457.0,133,125,154,140,179
457.5,173,179,114,158,163
458.0,139,172,155,202,156
458.5,150,144,134,160,135
459.0,150,139,165,146,154
459.5,130,148,136,154,168
460.0,148,168,141,189,138
460.5,206,167,161,149,161
461.0,161,152,145,176,173
461.5,152,162,144,182,120
462.0,177,156,139,155,127
462.5,156,136,142,182,153
463.0,156,115,154,171,153
463.5,139,128,125,154,143
464.0,176,111,120,170,160
464.5,146,155,135,186,175
465.0,165,179,142,143,153
465.5,178,119,152,144,156
466.0,155,137,187,155,147
466.5,169,130,121,171,189
467.0,135,148,127,144,156
467.5,130,134,143,144,181
468.0,162,157,156,158,166
468.5,166,141,142,149,124
469.0,167,147,164,159,156
469.5,162,159,173,150,145
470.0,131,145,151,161,148
470.5,158,141,154,185,200
471.0,129,115,115,176,159
471.5,137,129,122,160,142
472.0,157,145,123,130,151
472.5,181,142,152,151,153
473.0,133,116,129,163,190
473.5,191,157,121,163,180
474.0,159,168,141,173,149
474.5,172,174,144,157,167
475.0,169,157,164,159,161
475.5,145,128,147,149,134
476.0,171,130,179,149,174
476.5,141,191,120,178,160
477.0,142,149,161,159,205
477.5,158,136,135,149,149
478.0,149,133,152,159,163
478.5,156,139,166,150,128
479.0,148,122,157,153,157
479.5,166,120,190,174,167
480.0,145,136,128,128,182
480.5,179,137,144,150,153
481.0,142,124,138,167,123
481.5,148,154,139,151,151
482.0,164,132,141,138,135
482.5,169,139,154,164,156
483.0,145,143,162,170,159
483.5,160,110,122,151,156
484.0,130,141,133,146,180
484.5,145,139,149,187,173
485.0,155,124,133,167,161
485.5,146,176,171,183,161
486.0,152,142,134,162,168
486.5,145,130,127,125,182
487.0,152,113,134,164,182
487.5,161,154,129,144,156
488.0,112,158,164,155,156
488.5,132,164,143,163,167
489.0,141,143,130,161,137
489.5,129,112,126,150,150
490.0,158,115,134,161,162
490.5,169,146,126,149,182
491.0,143,133,135,166,213
491.5,173,137,161,154,136
492.0,148,146,126,158,165
492.5,129,147,142,171,164
493.0,156,112,159,166,162
493.5,138,120,139,180,145
494.0,149,145,175,196,137
494.5,158,121,138,164,138
495.0,203,150,149,176,168
495.5,134,144,120,171,152
496.0,133,172,116,176,179
496.5,154,122,109,132,154
497.0,128,145,107,183,138
497.5,163,142,124,151,147
498.0,170,161,134,168,145
498.5,168,140,127,156,154
499.0,176,131,142,143,145
499.5,156,139,156,163,160
500.0,157,169,140,172,168
500.5,176,156,126,181,147
501.0,141,130,132,188,174
501.5,134,146,143,148,161
502.0,151,142,126,129,157
502.5,164,132,145,181,173
503.0,122,145,128,184,160
503.5,125,133,147,176,128
504.0,133,129,138,183,134
504.5,149,126,142,155,158
505.0,122,146,163,170,165
505.5,143,139,169,155,159
506.0,155,126,149,182,159
506.5,152,127,134,161,181
507.0,166,148,145,142,173
507.5,177,128,150,137,156
508.0,170,138,139,166,158
508.5,151,138,132,152,159
509.0,163,128,166,152,161
509.5,164,122,133,127,163
510.0,173,136,143,162,138
510.5,140,111,160,152,142
511.0,149,159,145,142,131
511.5,174,108,155,153,167
512.0,128,151,148,164,180
512.5,155,137,144,165,153
513.0,129,134,148,121,187
513.5,145,137,142,147,147
514.0,187,126,108,144,169
514.5,182,147,150,155,172
515.0,116,131,164,169,161
515.5,138,163,145,147,170
516.0,153,131,132,153,148
516.5,164,122,151,173,151
517.0,148,140,152,140,166
517.5,139,131,151,142,185
518.0,166,127,150,163,142
518.5,164,131,135,141,170
519.0,157,139,136,162,153
519.5,169,136,180,128,152
520.0,172,133,140,154,198
520.5,128,136,158,180,162
521.0,152,132,128,165,167
521.5,167,160,129,141,137
522.0,160,149,144,186,168
522.5,149,137,120,128,171
523.0,112,136,112,139,162
523.5,163,163,143,150,154
524.0,148,135,139,161,160
524.5,149,149,152,161,168
525.0,158,140,161,154,181
525.5,166,142,149,157,167
526.0,148,135,147,130,156
526.5,180,119,149,155,154
527.0,138,124,145,175,159
527.5,126,130,146,156,169
528.0,149,132,129,172,134
528.5,162,130,154,196,160
529.0,166,107,165,201,157
529.5,120,146,163,145,167
530.0,147,116,142,179,137
530.5,113,107,158,181,171
531.0,144,136,137,143,146
531.5,132,179,150,159,156
532.0,147,140,143,183,162
532.5,154,145,145,142,201
533.0,142,139,139,156,144
533.5,150,152,161,181,152
534.0,128,139,130,177,173
534.5,150,131,151,159,141
535.0,133,148,145,158,171
535.5,132,111,148,148,149
536.0,154,127,138,136,145
536.5,130,130,152,159,188
537.0,140,122,165,141,131
537.5,133,118,131,166,132
538.0,150,132,118,159,155
538.5,149,117,142,175,165
539.0,136,108,134,147,142
539.5,125,156,149,151,139
540.0,167,145,121,168,151
540.5,110,145,145,156,125
541.0,141,120,133,188,165
541.5,137,136,135,144,154
542.0,153,151,161,164,144
542.5,107,164,138,137,151
543.0,123,112,167,165,145
543.5,152,126,150,175,148
544.0,141,134,183,135,164
544.5,130,148,150,150,140
545.0,173,135,120,148,143
545.5,150,145,133,150,148
546.0,165,149,159,160,148
546.5,182,91,127,128,136
547.0,182,136,131,138,154
547.5,162,142,134,133,157
548.0,125,130,140,158,154
548.5,125,147,132,152,138
549.0,140,103,129,167,138
549.5,131,125,147,154,142
550.0,144,133,158,190,129
550.5,127,131,141,151,184
551.0,128,130,130,175,165
551.5,164,125,163,164,171
552.0,148,124,146,161,143
552.5,154,144,142,151,138
553.0,158,129,138,160,177
553.5,116,123,172,167,135
554.0,140,129,147,164,164
554.5,133,128,135,124,148
555.0,124,138,149,146,110
555.5,137,145,149,142,135
556.0,123,124,147,166,154
556.5,159,161,142,154,189
557.0,151,134,180,168,162
557.5,142,126,145,166,134
558.0,128,114,123,168,179
558.5,159,149,130,147,150
559.0,137,145,135,146,150
559.5,166,111,148,141,133
560.0,140,106,124,164,166
560.5,129,128,119,151,163
561.0,142,147,112,115,153
561.5,151,129,154,200,150
562.0,146,139,151,161,148
562.5,128,106,154,164,160
563.0,168,143,123,145,171
563.5,157,135,129,145,182
564.0,147,132,139,137,138
564.5,120,133,137,138,163
565.0,184,140,157,133,145
565.5,151,113,157,159,160
566.0,165,128,129,149,160
566.5,132,128,126,164,145
567.0,120,138,131,179,180
567.5,191,111,138,131,165
568.0,161,130,136,155,168
568.5,131,180,161,123,144
569.0,153,140,165,151,133
569.5,143,119,146,137,141
570.0,144,152,143,173,147
570.5,120,140,137,117,175
571.0,130,131,169,149,153
571.5,178,106,141,134,137
572.0,142,168,127,130,138
572.5,161,138,150,163,168
573.0,162,122,155,180,147
573.5,138,121,150,175,159
574.0,134,131,145,149,145
574.5,168,103,135,171,129
575.0,112,143,144,151,152
575.5,147,120,152,162,131
576.0,146,135,137,141,155
576.5,161,130,143,168,169
577.0,159,150,151,142,191
577.5,145,109,155,148,180
578.0,145,139,139,152,128
578.5,134,117,166,169,164
579.0,162,110,149,142,168
579.5,147,144,141,157,144
580.0,153,137,156,127,156
580.5,152,122,113,157,173
581.0,136,130,131,123,107
581.5,122,121,197,156,148
582.0,149,129,104,173,147
582.5,162,115,135,185,143
583.0,156,131,161,153,143
583.5,143,120,121,157,137
584.0,140,127,114,159,142
584.5,138,144,128,150,146
585.0,161,138,151,153,171
585.5,136,167,123,158,168
586.0,139,132,131,187,142
586.5,154,117,153,139,157
587.0,140,129,172,118,161
587.5,153,163,171,166,101
588.0,138,144,143,179,180
588.5,154,123,158,156,141
589.0,127,127,143,176,165
589.5,142,121,108,179,135
590.0,133,131,147,157,173
590.5,136,139,182,170,123
591.0,141,140,128,183,138
591.5,147,139,122,164,146
592.0,164,124,133,142,159
592.5,148,119,161,144,153
593.0,149,126,137,175,150
593.5,154,128,153,146,142
594.0,140,144,139,148,173
594.5,174,126,159,156,175
595.0,167,126,138,160,135
595.5,141,136,137,150,159
596.0,122,107,151,162,130
596.5,124,152,127,136,162
597.0,139,130,145,154,154
597.5,134,140,157,156,134
598.0,134,131,124,176,127
598.5,125,110,144,172,150
599.0,136,141,152,155,159
599.5,165,118,155,143,168
600.0,132,117,135,162,144
600.5,127,147,151,157,139
601.0,174,132,158,137,133
601.5,176,130,160,147,147
602.0,127,125,154,157,151
602.5,137,132,127,166,162
603.0,120,121,146,160,155
603.5,151,110,142,158,149
604.0,155,153,150,159,139
604.5,143,110,151,122,157
605.0,142,128,126,159,147
605.5,153,135,147,151,150
606.0,158,133,97,128,134
606.5,127,121,176,171,134
607.0,154,127,141,173,157
607.5,130,151,168,148,148
608.0,154,143,126,173,139
608.5,135,143,116,136,159
609.0,157,154,187,190,124
609.5,153,118,144,161,149
610.0,114,145,112,136,161
610.5,143,138,108,169,138
611.0,152,135,165,146,186
611.5,121,109,142,136,124
612.0,156,112,144,180,141
612.5,135,136,149,165,129
613.0,123,137,129,155,158
613.5,167,133,143,169,153
614.0,152,141,121,162,169
614.5,151,128,137,144,145
615.0,152,115,142,173,147
615.5,155,150,125,168,152
616.0,179,115,168,133,152
616.5,130,121,150,175,132
617.0,119,162,158,178,157
617.5,165,135,164,161,128
618.0,139,117,123,207,157
618.5,138,133,122,176,156
619.0,136,142,161,144,153
619.5,148,117,140,157,159
620.0,114,127,146,182,157
620.5,126,125,152,163,148
621.0,129,151,133,145,129
621.5,134,123,128,157,113
622.0,106,108,138,159,160
622.5,116,136,119,153,136
623.0,155,130,155,181,170
623.5,135,121,146,172,165
624.0,130,129,140,143,178
624.5,137,141,149,142,154
625.0,116,140,127,166,143
625.5,135,164,121,158,132
626.0,138,132,122,168,140
626.5,155,127,134,152,150
627.0,138,116,117,156,177
627.5,120,137,141,118,121
628.0,169,150,140,163,146
628.5,137,109,124,183,159
629.0,144,103,120,163,112
629.5,125,119,122,138,150
630.0,144,113,111,183,123
630.5,140,113,127,154,170
631.0,149,128,159,151,103
631.5,154,145,152,142,149
632.0,116,131,114,197,145
632.5,146,119,156,173,162
633.0,126,136,113,128,156
633.5,130,119,148,168,144
634.0,130,140,114,146,160
634.5,122,117,136,190,143
635.0,184,115,143,182,174
635.5,168,132,116,131,139
636.0,122,146,138,164,147
636.5,149,102,123,150,135
637.0,145,144,145,160,169
637.5,155,135,126,151,144
638.0,149,105,148,140,157
638.5,119,133,145,140,135
639.0,145,113,154,153,161
639.5,169,140,140,159,173
640.0,166,143,144,143,144
640.5,132,124,153,148,142
641.0,193,109,150,155,137
641.5,158,120,119,141,166
642.0,164,115,120,170,137
642.5,150,114,153,165,126
643.0,142,93,137,144,110
643.5,160,141,133,141,133
644.0,141,119,143,164,143
644.5,189,115,132,164,158
645.0,157,122,131,168,142
645.5,170,150,153,163,129
646.0,125,101,116,146,158
646.5,143,97,148,152,145
647.0,136,115,165,140,162
647.5,138,118,127,183,189
648.0,122,116,143,134,136
648.5,156,116,131,151,148
649.0,112,145,138,180,139
649.5,139,133,149,165,131
650.0,153,114,113,157,125
650.5,138,141,143,159,146
651.0,139,133,127,164,140
651.5,144,131,135,151,169
652.0,131,124,141,130,137
652.5,129,159,148,167,163
653.0,129,132,101,154,112
653.5,154,118,132,143,162
654.0,140,120,142,160,157
654.5,149,118,116,137,136
655.0,156,159,138,126,120
655.5,135,114,134,150,132
656.0,141,141,139,148,118
656.5,129,130,143,178,150
657.0,168,136,153,176,151
657.5,147,116,144,145,130
658.0,134,137,129,163,137
658.5,130,134,153,128,166
659.0,120,118,166,161,165
659.5,144,130,149,169,134
660.0,140,90,125,155,168
660.5,125,130,150,165,147
661.0,133,89,119,160,113
661.5,170,122,143,157,150
662.0,157,117,131,115,132
662.5,124,104,114,148,156
663.0,123,105,149,159,130
663.5,126,128,126,145,135
664.0,159,108,122,148,132
664.5,136,123,157,168,150
665.0,151,110,128,160,149
665.5,156,90,133,147,151
666.0,137,117,169,172,157
666.5,164,97,131,170,155
667.0,155,118,141,173,151
667.5,112,139,139,149,120
668.0,147,137,139,137,153
668.5,147,141,144,168,135
669.0,163,112,136,128,164
669.5,150,135,128,143,156
670.0,163,138,138,124,168
670.5,159,123,127,150,124
671.0,149,93,127,159,117
671.5,146,121,124,124,141
672.0,147,131,105,135,163
672.5,149,123,127,159,144
673.0,130,148,143,152,150
673.5,127,126,127,162,129
674.0,142,103,129,143,143
674.5,134,162,129,170,130
675.0,168,146,156,162,143
675.5,172,137,122,162,122
676.0,133,108,150,149,137
676.5,139,131,126,170,141
677.0,155,117,135,164,153
677.5,158,149,112,172,173
678.0,140,129,131,151,139
678.5,126,130,113,161,107
679.0,146,113,138,157,182
679.5,151,118,146,168,165
680.0,146,110,168,194,143
680.5,148,122,105,153,145
681.0,137,133,146,151,134
681.5,148,139,128,147,171
682.0,118,121,148,129,124
682.5,146,122,121,123,117
683.0,140,143,136,145,143
683.5,140,120,155,142,127
684.0,109,95,155,161,143
684.5,146,121,144,171,145
685.0,122,116,167,148,139
685.5,115,127,116,160,157
686.0,146,98,139,142,151
686.5,129,151,111,170,114
687.0,142,118,116,165,150
687.5,142,126,115,148,153
688.0,143,125,105,132,164
688.5,144,130,146,176,134
689.0,158,121,147,170,139
689.5,138,112,123,148,160
690.0,160,140,126,146,173
690.5,102,100,123,128,149
691.0,135,108,120,162,124
691.5,131,86,142,170,134
692.0,116,107,111,142,163
692.5,167,140,113,174,141
693.0,154,97,162,190,127
693.5,132,112,120,152,167
694.0,137,139,112,173,129
694.5,124,122,131,137,141
695.0,145,115,119,136,128
695.5,156,125,130,163,149
696.0,120,133,121,176,144
696.5,148,123,144,146,147
697.0,135,116,142,148,133
697.5,144,134,150,149,152
698.0,132,115,154,125,142
698.5,112,125,152,151,143
699.0,148,92,126,171,189
699.5,143,127,118,150,134
700.0,112,141,145,137,147
700.5,126,90,127,159,147
701.0,143,141,129,158,130
701.5,126,119,133,150,141
702.0,144,125,107,114,138
702.5,149,151,160,158,142
703.0,159,112,147,135,122
703.5,111,137,130,153,139
704.0,150,126,151,151,138
704.5,131,138,129,166,155
705.0,138,128,106,118,137
705.5,122,113,115,155,134
706.0,138,110,117,130,154
706.5,144,136,125,175,134
707.0,149,106,137,140,164
707.5,181,112,149,140,153
708.0,150,129,116,145,150
708.5,159,128,125,178,128
709.0,118,131,131,134,154
709.5,164,115,125,148,109
710.0,138,116,151,152,138
710.5,141,93,101,136,120
711.0,122,107,144,163,166
711.5,128,129,152,181,168
712.0,121,149,105,165,143
712.5,159,152,111,149,156
713.0,139,133,134,133,147
713.5,169,118,135,130,146
714.0,105,103,98,167,149
714.5,151,108,123,164,141
715.0,111,123,131,165,140
715.5,118,125,167,148,147
716.0,131,120,139,148,148
716.5,152,114,134,168,128
717.0,133,111,153,156,181
717.5,121,138,126,166,130
718.0,126,136,134,138,127
718.5,154,114,145,148,147
719.0,158,111,135,160,134
719.5,116,125,131,149,137
720.0,103,128,135,153,150
720.5,120,136,131,143,158
721.0,113,117,147,157,143
721.5,144,112,110,143,133
722.0,139,113,117,147,160
722.5,143,129,126,136,172
723.0,121,111,139,160,184
723.5,136,146,119,145,131
724.0,141,149,144,154,147
724.5,128,154,135,120,138
725.0,135,119,153,122,141
725.5,138,138,136,174,151
726.0,150,105,142,143,173
726.5,161,132,118,153,148
727.0,126,97,135,147,181
727.5,169,139,131,123,171
728.0,136,120,133,165,146
728.5,146,104,153,151,131
729.0,127,135,160,166,137
729.5,136,134,137,178,131
730.0,124,111,127,141,174
730.5,126,101,116,147,136
731.0,136,111,126,141,143
731.5,124,112,144,137,140
732.0,101,137,129,177,151
732.5,146,110,134,125,146
733.0,119,126,111,122,168
733.5,129,122,148,174,122
734.0,121,114,113,150,147
734.5,122,115,127,124,111
735.0,136,113,143,186,146
735.5,133,137,136,175,135
736.0,135,106,132,175,147
736.5,151,100,140,136,166
737.0,120,121,109,172,154
737.5,128,113,122,149,136
738.0,110,142,138,185,150
738.5,135,130,147,146,103
739.0,121,99,134,158,163
739.5,105,118,146,156,133
740.0,138,134,141,163,157
740.5,137,107,144,147,115
741.0,148,117,141,156,154
741.5,151,124,153,160,156
742.0,150,112,120,165,149
742.5,142,135,109,141,124
743.0,154,118,121,154,153
743.5,131,107,144,140,130
744.0,131,104,168,142,137
744.5,138,114,137,170,133
745.0,132,92,131,174,140
745.5,130,150,132,154,125
746.0,140,139,129,152,141
746.5,152,122,131,143,156
747.0,149,142,85,156,167
747.5,143,104,164,158,140
748.0,121,128,113,158,134
748.5,100,119,138,126,132
749.0,135,123,120,161,149
749.5,140,115,190,135,131
750.0,131,125,135,164,128
750.5,136,109,156,185,158
751.0,116,128,145,154,131
751.5,154,128,156,144,128
752.0,136,105,123,156,144
752.5,140,124,130,144,105
753.0,163,108,131,135,146
753.5,110,112,135,142,124
754.0,120,112,138,135,177
754.5,136,115,157,145,122
755.0,117,133,153,167,151
755.5,133,139,122,148,150
756.0,100,98,148,137,139
756.5,99,126,145,147,133
757.0,141,128,141,133,159
757.5,136,142,151,155,127
758.0,132,118,143,157,143
758.5,164,161,144,130,174
759.0,140,125,146,134,118
759.5,109,132,94,114,129
760.0,166,128,130,135,127
760.5,149,133,131,138,118
761.0,119,117,140,153,148
761.5,111,96,146,137,142
762.0,123,114,121,164,109
762.5,113,108,134,164,132
763.0,132,98,103,155,137
763.5,87,106,165,122,148
764.0,114,125,129,141,114
764.5,139,125,126,135,171
765.0,86,118,130,136,156
765.5,141,139,143,122,109
766.0,116,122,129,135,143
766.5,107,128,141,127,146
767.0,119,111,139,179,120
767.5,141,86,148,179,116
768.0,121,116,111,156,119
768.5,147,118,139,135,140
769.0,110,115,119,142,187
769.5,131,106,114,132,148
770.0,120,113,128,154,150
770.5,130,102,155,172,140
771.0,114,99,130,119,139
771.5,96,107,120,159,149
772.0,112,106,152,148,135
772.5,112,110,126,154,114
773.0,115,127,139,121,129
773.5,132,134,128,112,138
774.0,119,104,138,129,140
774.5,96,98,139,130,131
775.0,123,99,137,141,158
775.5,154,115,140,148,134
776.0,139,126,107,150,120
776.5,131,121,118,136,121
777.0,134,101,158,142,134
777.5,127,135,142,138,106
778.0,131,112,157,135,136
778.5,108,106,160,142,157
779.0,117,113,147,154,143
779.5,104,128,140,148,157
780.0,106,110,140,130,128
780.5,87,115,135,194,144
781.0,116,102,140,137,144
781.5,114,127,117,139,111
782.0,104,126,126,137,143
782.5,114,122,103,159,119
783.0,123,101,123,142,123
783.5,108,145,130,147,142
784.0,144,99,118,142,125
784.5,99,112,165,140,159
785.0,113,139,110,141,148
785.5,132,133,113,156,140
786.0,100,104,119,114,129
786.5,111,124,116,131,122
787.0,123,73,176,130,138
787.5,119,110,138,173,126
788.0,137,109,120,171,153
788.5,114,129,160,170,128
789.0,123,84,118,140,149
789.5,131,116,113,127,146
790.0,120,109,127,142,141
790.5,126,143,135,143,177
791.0,129,109,146,153,120
791.5,114,94,111,144,114
792.0,124,107,139,133,134
792.5,118,118,127,144,142
793.0,135,102,161,136,143
793.5,127,113,146,138,125
794.0,118,117,122,160,158
794.5,133,99,98,147,146
795.0,127,116,112,174,128
795.5,129,109,146,163,154
796.0,143,127,137,137,127
796.5,115,89,133,143,118
797.0,105,148,130,139,147
797.5,122,114,124,138,148
798.0,102,136,127,137,123
798.5,113,111,119,144,131
799.0,149,144,99,145,132
799.5,80,113,158,158,129
800.0,105,101,133,148,138
800.5,119,150,139,160,154
801.0,103,93,168,124,139
801.5,133,113,127,156,138
802.0,114,123,124,148,146
802.5,102,105,125,144,170
803.0,94,111,97,135,119
803.5,102,105,139,144,156
804.0,123,117,146,172,172
804.5,127,136,120,137,134
805.0,144,112,155,158,142
805.5,92,106,130,148,138
806.0,127,112,145,147,132
806.5,114,129,126,157,138
807.0,136,119,126,176,136
807.5,92,89,120,121,154
808.0,125,102,119,142,152
808.5,129,113,159,159,145
809.0,135,106,173,98,124
809.5,133,131,131,124,141
810.0,138,126,121,120,142
810.5,159,131,143,147,144
811.0,137,79,113,135,97
811.5,133,113,140,147,107
812.0,109,114,129,152,109
812.5,115,111,118,126,168
813.0,127,114,113,123,115
813.5,142,108,125,148,126
814.0,141,126,134,166,164
814.5,122,127,143,122,120
815.0,93,147,142,152,145
815.5,118,104,122,145,145
816.0,141,101,130,158,165
816.5,148,119,152,160,139
817.0,124,115,147,131,146
817.5,133,138,121,137,139
818.0,69,117,138,132,153
818.5,128,109,131,131,117
819.0,133,101,128,148,138
819.5,129,121,131,128,145
820.0,88,106,115,137,135
820.5,114,99,116,107,126
821.0,104,116,164,162,112
821.5,123,109,138,164,119
822.0,115,114,164,122,121
822.5,112,115,130,173,91
823.0,117,128,114,126,142
823.5,125,80,102,130,144
824.0,151,87,132,156,149
824.5,113,102,138,143,118
825.0,108,100,134,130,157
825.5,104,138,147,154,134
826.0,129,116,114,119,127
826.5,127,112,128,134,115
827.0,123,114,122,144,132
827.5,127,105,121,112,130
828.0,127,102,124,147,129
828.5,124,83,145,176,134
829.0,129,108,121,151,102
829.5,146,102,137,152,144
830.0,132,119,145,133,114
830.5,144,99,127,151,145
831.0,126,119,123,124,124
831.5,124,139,114,135,165
832.0,124,151,136,125,129
832.5,114,122,144,128,145
833.0,129,108,146,129,123
833.5,137,125,102,120,140
834.0,114,102,132,160,174
834.5,114,112,128,139,104
835.0,121,115,121,166,140
835.5,111,123,137,153,135
836.0,118,124,147,135,154
836.5,107,100,135,125,112
837.0,107,104,102,138,128
837.5,113,112,124,121,110
838.0,131,120,176,135,162
838.5,129,99,134,131,126
839.0,139,102,134,134,123
839.5,145,114,132,137,164
840.0,138,97,130,136,149
840.5,125,106,141,154,135
841.0,116,143,165,127,154
841.5,125,113,130,99,101
842.0,126,111,96,150,107
842.5,115,121,133,143,117
843.0,126,118,126,148,143
843.5,119,128,132,140,146
844.0,142,132,157,149,120
844.5,94,102,139,127,139
845.0,94,114,125,127,101
845.5,115,140,133,140,120
846.0,124,100,151,148,126
846.5,101,142,127,151,147
847.0,108,121,136,143,136
847.5,130,98,148,151,128
848.0,95,95,138,146,153
848.5,114,140,133,178,139
849.0,113,118,143,124,144
849.5,146,120,130,119,116
850.0,113,119,132,137,112
850.5,114,107,135,149,122
851.0,127,104,128,141,106
851.5,135,99,135,169,115
852.0,130,116,138,167,147
852.5,120,89,119,124,127
853.0,150,125,108,146,146
853.5,92,106,136,127,123
854.0,127,123,157,158,104
854.5,104,148,121,131,138
855.0,104,112,141,146,126
855.5,114,126,136,110,127
856.0,143,135,151,150,130
856.5,121,99,105,142,138
857.0,103,109,139,141,139
857.5,116,101,137,154,147
858.0,132,113,119,136,116
858.5,88,139,121,151,160
859.0,97,98,108,131,147
859.5,130,100,122,116,104
860.0,141,116,125,145,115
860.5,141,115,121,122,134
861.0,137,142,131,137,132
861.5,100,99,144,152,128
862.0,117,100,137,143,129
862.5,105,101,131,154,140
863.0,111,92,142,143,131
863.5,107,103,132,144,111
864.0,114,84,146,141,122
864.5,112,116,132,111,126
865.0,120,114,116,158,154
865.5,107,106,112,150,125
866.0,91,120,125,137,116
866.5,108,113,116,171,122
867.0,119,90,103,148,158
867.5,116,102,138,138,140
868.0,117,117,126,131,105
868.5,100,99,124,117,111
869.0,101,109,140,160,129
869.5,96,106,128,165,143
870.0,153,90,146,132,123
870.5,121,105,106,113,149
871.0,113,105,138,153,132
871.5,134,101,159,121,143
872.0,117,105,108,151,135
872.5,114,81,130,144,92
873.0,122,99,115,150,131
873.5,126,114,145,120,143
874.0,112,87,101,148,126
874.5,130,109,134,146,127
875.0,131,114,123,142,119
875.5,131,139,154,144,147
876.0,116,124,118,159,119
876.5,113,100,146,136,111
877.0,116,122,134,127,123
877.5,114,103,130,95,125
878.0,118,95,138,136,129
878.5,117,104,121,131,119
879.0,110,73,131,109,101
879.5,118,118,117,152,111
880.0,132,130,112,111,140
880.5,127,108,149,145,127
881.0,115,111,99,140,119
881.5,125,118,129,119,132
882.0,99,82,153,143,124
882.5,136,118,109,134,139
883.0,111,99,134,147,92
883.5,117,107,131,147,130
884.0,106,103,126,133,129
884.5,146,133,131,136,126
885.0,99,85,125,129,141
885.5,105,97,168,138,104
886.0,139,100,115,160,118
886.5,120,92,146,125,116
887.0,138,105,114,130,128
887.5,140,125,110,163,120
888.0,101,109,128,104,120
888.5,121,112,139,156,136
889.0,117,122,146,116,135
889.5,99,106,115,139,151
890.0,120,117,129,137,119
890.5,110,118,129,125,141
891.0,119,106,137,107,113
891.5,84,100,137,137,143
892.0,139,131,133,125,108
892.5,126,132,156,137,130
893.0,97,121,117,135,114
893.5,119,100,157,131,129
894.0,126,135,118,148,126
894.5,128,110,127,159,131
895.0,101,91,119,141,142
895.5,120,110,142,135,125
896.0,121,101,131,113,91
896.5,134,97,134,144,132
897.0,116,113,130,119,132
897.5,128,109,117,127,125
898.0,119,103,137,153,131
898.5,118,116,88,144,118
899.0,133,96,136,115,135
899.5,91,99,156,134,100
900.0,130,124,135,139,143
900.5,113,127,121,160,145
901.0,113,75,113,148,125
901.5,124,109,126,122,128
902.0,125,107,134,153,129
902.5,110,122,119,113,112
903.0,119,99,124,128,129
903.5,119,97,124,143,141
904.0,103,153,121,133,103
904.5,116,77,112,158,176
905.0,127,102,117,147,114
905.5,147,110,114,128,135
906.0,105,113,184,125,129
906.5,120,106,112,110,126
907.0,109,121,124,144,112
907.5,109,116,109,144,170
908.0,100,125,131,146,124
908.5,114,112,145,131,113
909.0,97,108,130,138,128
909.5,124,98,120,128,146
910.0,113,124,151,158,120
910.5,126,116,124,137,144
911.0,145,96,137,138,121
911.5,116,118,149,105,119
912.0,109,92,138,126,115
912.5,124,92,117,118,131
913.0,122,128,125,117,140
913.5,118,124,128,144,133
914.0,126,84,111,132,122
914.5,98,102,131,152,132
915.0,121,129,136,161,117
915.5,92,112,139,143,121
916.0,137,119,132,127,108
916.5,100,114,143,159,121
917.0,122,131,131,136,135
917.5,112,99,126,137,139
918.0,134,117,127,158,101
918.5,120,117,147,128,154
919.0,103,134,134,127,115
919.5,142,132,136,144,124
920.0,108,114,127,165,103
920.5,123,122,125,145,89
921.0,100,92,152,167,113
921.5,115,113,122,136,123
922.0,117,107,118,159,128
922.5,112,129,113,126,148
923.0,106,128,138,130,109
923.5,117,104,117,160,121
924.0,118,110,130,151,122
924.5,118,97,158,138,145
925.0,111,108,120,147,152
925.5,110,95,144,126,121
926.0,108,131,114,148,168
926.5,101,111,122,136,106
927.0,122,103,142,127,126
927.5,101,126,126,132,136
928.0,102,125,128,156,135
928.5,122,123,112,113,174
929.0,95,96,94,130,111
929.5,100,117,140,105,137
930.0,114,104,134,133,113
930.5,112,101,157,140,114
931.0,129,121,125,135,123
931.5,149,129,127,111,137
932.0,93,142,140,124,133
932.5,129,103,141,127,124
933.0,116,117,126,118,130
933.5,97,85,164,122,121
934.0,128,113,131,139,109
934.5,117,104,128,110,133
935.0,141,103,106,109,97
935.5,106,86,111,137,129
936.0,111,94,101,139,145
936.5,114,87,159,125,133
937.0,141,126,100,153,110
937.5,122,129,110,157,115
938.0,131,121,142,149,128
938.5,109,105,124,129,118
939.0,132,118,112,149,140
939.5,125,113,128,141,165
940.0,104,120,143,131,146
940.5,91,99,115,146,127
941.0,105,102,123,130,132
941.5,127,151,139,150,123
942.0,127,119,116,178,133
942.5,106,91,134,168,98
943.0,117,115,109,142,119
943.5,124,93,128,123,134
944.0,131,93,130,126,118
944.5,109,118,128,129,162
945.0,95,107,118,135,122
945.5,109,95,126,143,138
946.0,88,92,131,132,117
946.5,114,101,130,130,109
947.0,100,93,111,130,130
947.5,109,100,106,138,127
948.0,130,106,107,124,141
948.5,134,118,121,125,109
949.0,123,100,113,116,119
949.5,102,91,130,140,108
950.0,111,101,136,150,122
950.5,123,82,134,120,118
951.0,104,91,147,132,116
951.5,109,126,128,146,109
952.0,98,80,132,143,127
952.5,125,99,120,116,130
953.0,86,94,141,165,94
953.5,116,72,131,130,114
954.0,114,111,145,131,102
954.5,110,84,143,158,136
955.0,144,104,127,132,134
955.5,120,93,97,132,133
956.0,108,129,138,148,122
956.5,98,117,155,125,110
957.0,106,110,135,107,118
957.5,103,124,137,171,152
958.0,108,98,158,120,132
958.5,109,118,140,131,131
959.0,122,96,133,144,131
959.5,105,100,131,126,128
960.0,116,96,134,132,145
960.5,118,101,135,114,124
961.0,109,84,103,158,128
961.5,131,102,133,144,109
962.0,110,88,126,116,159
962.5,146,95,143,125,142
963.0,114,117,130,122,127
963.5,120,114,147,126,139
964.0,105,98,127,141,119
964.5,151,112,123,117,160
965.0,108,104,112,153,114
965.5,100,102,108,126,126
966.0,98,91,136,126,152
966.5,99,82,112,145,129
967.0,122,109,122,129,172
967.5,104,116,93,161,141
968.0,119,105,110,114,116
968.5,105,111,117,122,139
969.0,112,138,127,125,128
969.5,104,138,122,147,137
970.0,139,113,122,139,109
970.5,101,110,116,144,152
971.0,105,111,140,114,123
971.5,113,135,130,141,89
972.0,113,121,120,135,146
972.5,101,115,113,145,107
973.0,113,119,116,135,121
973.5,114,94,112,113,143
974.0,119,87,124,129,143
974.5,110,125,123,163,118
975.0,110,124,131,146,116
975.5,127,100,128,157,123
976.0,88,118,132,147,139
976.5,122,80,128,135,118
977.0,134,112,111,134,132
977.5,114,127,115,110,120
978.0,119,102,125,157,140
978.5,108,129,120,146,158
979.0,126,122,126,150,112
979.5,106,125,146,115,98
980.0,111,108,136,148,126
980.5,116,102,111,158,146
981.0,108,93,129,151,120
981.5,106,131,129,139,146
982.0,125,105,136,140,137
982.5,123,94,164,120,126
983.0,105,117,105,153,109
983.5,121,105,133,125,121
984.0,114,89,110,152,118
984.5,88,91,118,141,112
985.0,117,102,113,138,112
985.5,116,118,131,139,127
986.0,103,101,105,148,126
986.5,131,138,117,152,116
987.0,106,93,140,144,125
987.5,125,103,120,131,122
988.0,88,110,133,150,118
988.5,121,109,145,162,130
989.0,114,104,108,140,146
989.5,117,90,130,133,124
990.0,121,103,126,172,120
990.5,111,120,143,132,144
991.0,110,100,137,127,159
991.5,80,119,133,142,139
992.0,125,115,119,116,105
992.5,117,101,115,144,116
993.0,113,96,112,140,115
993.5,117,120,136,125,110
994.0,106,75,127,149,128
994.5,114,103,131,108,112
995.0,124,121,135,141,121
995.5,104,114,128,120,120
996.0,104,97,135,131,130
996.5,103,102,157,153,144
997.0,117,117,104,176,88
997.5,95,89,137,124,118
998.0,109,112,135,130,133
998.5,126,105,122,132,108
999.0,108,88,115,124,101
999.5,105,111,150,170,146
1000.0,120,102,122,163,115
1000.5,109,107,137,130,145
1001.0,124,101,125,140,135
1001.5,109,122,109,154,138
1002.0,116,120,124,132,120
1002.5,121,101,128,125,102
1003.0,135,95,134,148,112
1003.5,92,119,122,142,134
1004.0,106,111,132,141,123
1004.5,123,115,119,150,136
1005.0,110,120,125,141,138
1005.5,119,108,118,133,133
1006.0,108,111,143,151,123
1006.5,86,90,141,118,105
1007.0,131,104,117,149,117
1007.5,79,82,136,167,112
1008.0,91,89,124,140,113
1008.5,94,93,118,154,157
1009.0,96,94,134,137,118
1009.5,131,126,121,129,134
1010.0,99,107,108,144,111
1010.5,110,92,114,158,118
1011.0,107,117,108,118,120
1011.5,111,91,90,144,142
1012.0,98,97,103,166,117
1012.5,119,112,90,143,109
1013.0,98,106,132,161,98
1013.5,89,106,130,146,116
1014.0,115,113,103,141,116
1014.5,95,128,98,129,137
1015.0,146,95,104,127,142
1015.5,110,99,169,155,109
1016.0,110,99,134,99,128
1016.5,119,84,123,132,116
1017.0,118,108,151,137,135
1017.5,121,119,120,158,150
1018.0,95,104,122,133,116
1018.5,128,126,143,111,127
1019.0,111,84,96,152,90
1019.5,109,124,149,152,123
1020.0,135,83,122,136,130
1020.5,114,99,141,120,121
1021.0,93,117,135,137,128
1021.5,127,84,103,122,107
1022.0,104,84,116,136,151
1022.5,132,97,141,132,143
1023.0,127,107,146,123,129
1023.5,118,99,112,137,142
1024.0,113,125,116,159,103
1024.5,99,148,124,141,113
1025.0,102,103,105,144,100
1025.5,116,113,128,134,107
1026.0,112,101,120,152,134
1026.5,98,98,133,155,105
1027.0,99,97,104,153,96
1027.5,119,93,126,133,102
1028.0,106,102,113,180,127
1028.5,89,111,116,131,117
1029.0,112,113,108,135,131
1029.5,132,93,138,146,148
1030.0,123,89,121,159,123
1030.5,98,102,145,148,125
1031.0,90,121,99,128,89
1031.5,102,87,108,142,96
1032.0,119,108,119,161,139
1032.5,88,109,115,160,114
1033.0,116,108,143,132,109
1033.5,93,91,129,118,112
1034.0,107,103,122,102,126
1034.5,97,85,119,129,124
1035.0,96,104,114,128,130
1035.5,124,90,115,132,133
1036.0,116,115,132,122,124
1036.5,99,127,154,171,145
1037.0,97,107,112,143,102
1037.5,96,103,126,142,113
1038.0,104,95,104,122,95
1038.5,103,118,141,134,135
1039.0,125,112,156,104,138
1039.5,130,92,117,142,88
1040.0,103,115,105,130,114
1040.5,91,106,129,148,127
1041.0,103,97,99,158,116
1041.5,109,89,83,131,87
1042.0,105,96,125,109,122
1042.5,94,123,106,143,116
1043.0,107,106,107,171,121
1043.5,77,114,124,151,113
1044.0,108,97,143,146,128
1044.5,90,99,99,154,110
1045.0,88,107,112,113,130
1045.5,122,97,121,140,94
1046.0,88,134,109,143,106
1046.5,106,105,121,144,133
1047.0,108,95,139,165,113
1047.5,99,86,109,164,93
1048.0,114,107,130,115,102
1048.5,96,91,114,152,93
1049.0,98,91,123,136,116
1049.5,95,111,130,107,106
1050.0,124,106,123,146,123
1050.5,102,105,148,141,126
1051.0,101,83,133,130,111
1051.5,125,101,116,116,113
1052.0,76,88,102,145,87
1052.5,95,100,111,159,139
1053.0,99,93,134,113,131
1053.5,106,142,117,112,121
1054.0,110,119,112,105,124
1054.5,120,94,125,121,96
1055.0,83,118,113,138,116
1055.5,104,88,96,133,109
1056.0,87,114,129,153,107
1056.5,126,130,113,136,96
1057.0,116,95,118,152,105
1057.5,100,110,106,121,113
1058.0,129,101,123,108,117
1058.5,105,88,131,159,134
1059.0,74,101,124,141,117
1059.5,103,94,126,161,106
1060.0,96,99,110,120,117
1060.5,98,86,139,152,114
1061.0,94,99,139,134,106
1061.5,108,99,110,96,99
1062.0,102,113,125,129,117
1062.5,98,125,112,142,137
1063.0,101,97,129,129,118
1063.5,115,85,125,142,103
1064.0,78,97,119,145,108
1064.5,106,111,120,153,104
1065.0,122,95,99,113,113
1065.5,124,85,120,164,127
1066.0,125,99,139,138,118
1066.5,138,68,124,145,103
1067.0,109,108,116,129,120
1067.5,125,94,142,133,118
1068.0,89,123,117,128,117
1068.5,117,107,127,161,115
1069.0,99,98,118,139,91
1069.5,88,87,84,140,89
1070.0,105,108,137,142,110
1070.5,99,109,103,131,94
1071.0,113,100,133,106,97
1071.5,109,113,123,142,124
1072.0,107,96,134,162,105
1072.5,100,90,152,141,144
1073.0,113,77,116,136,134
1073.5,109,89,136,149,114
1074.0,116,97,113,139,135
1074.5,75,90,127,158,106
1075.0,79,83,131,153,111
1075.5,99,87,111,106,120
1076.0,91,106,138,124,96
1076.5,90,92,116,148,115
1077.0,100,124,124,114,96
1077.5,110,77,146,106,123
1078.0,90,101,114,149,135
1078.5,93,97,140,141,99
1079.0,120,87,126,110,103
1079.5,87,115,133,126,121
1080.0,103,79,110,129,109
1080.5,99,113,129,115,92
1081.0,102,92,129,147,82
1081.5,105,97,136,137,113
1082.0,72,89,112,110,107
1082.5,85,65,173,145,126
1083.0,135,127,140,125,116
1083.5,91,128,99,110,120
1084.0,119,126,95,148,112
1084.5,100,123,112,142,112
1085.0,97,105,112,119,102
1085.5,86,93,145,132,89
1086.0,99,97,105,111,116
1086.5,92,106,117,155,108
1087.0,78,80,87,148,93
1087.5,120,98,104,120,119
1088.0,87,81,127,99,94
1088.5,121,87,126,135,122
1089.0,108,101,111,128,102
1089.5,81,79,135,134,112
1090.0,123,112,113,138,115
1090.5,91,113,146,129,82
1091.0,105,90,141,147,109
1091.5,104,84,121,133,140
1092.0,110,128,150,156,139
1092.5,75,119,138,121,106
1093.0,108,86,132,127,118
1093.5,104,70,126,135,113
1094.0,118,66,122,150,127
1094.5,94,90,96,111,144
1095.0,98,66,138,140,105
1095.5,99,98,128,151,126
1096.0,87,109,124,125,144
1096.5,82,123,104,127,122
1097.0,118,86,120,122,109
1097.5,106,73,127,143,124
1098.0,106,95,146,119,100
1098.5,87,100,129,124,120
1099.0,105,84,124,117,112
1099.5,109,93,117,128,88
1100.0,111,90,136,117,114
1100.5,122,106,125,140,110
1101.0,89,89,106,127,111
1101.5,109,106,115,113,96
1102.0,123,114,123,125,95
1102.5,120,83,110,124,103
1103.0,115,100,145,113,114
1103.5,106,69,115,116,116
1104.0,99,95,131,138,133
1104.5,103,81,118,115,93
1105.0,120,96,111,118,129
1105.5,93,97,125,141,96
1106.0,110,102,113,122,128
1106.5,114,141,103,124,128
1107.0,93,118,105,123,89
1107.5,116,127,135,112,103
1108.0,119,104,132,106,108
1108.5,93,81,120,123,138
1109.0,99,96,119,119,83
1109.5,105,105,142,123,89
1110.0,95,80,140,122,120
1110.5,95,84,115,122,145
1111.0,96,111,118,125,124
1111.5,114,99,129,115,94
1112.0,98,71,102,140,97
1112.5,109,93,103,135,106
1113.0,83,89,119,125,92
1113.5,109,104,94,145,97
1114.0,107,100,107,137,97
1114.5,105,77,110,100,104
1115.0,95,93,130,147,125
1115.5,94,82,120,128,108
1116.0,93,95,105,140,126
1116.5,111,104,106,145,108
1117.0,93,100,114,133,117
1117.5,100,95,131,115,96
1118.0,116,120,125,118,128
1118.5,84,118,107,128,95
1119.0,97,86,122,137,116
1119.5,93,95,103,121,135
1120.0,101,83,118,122,97
1120.5,95,111,99,124,100
1121.0,113,119,122,127,91
1121.5,125,108,143,113,99
1122.0,98,83,108,127,100
1122.5,95,110,127,101,106
1123.0,86,75,128,129,108
1123.5,98,108,111,93,104
1124.0,93,121,116,116,97
1124.5,112,106,119,102,92
1125.0,101,99,142,130,79
1125.5,85,95,135,128,108
1126.0,104,73,99,129,126
1126.5,113,96,135,162,142
1127.0,100,108,115,116,117
1127.5,105,92,128,118,104
1128.0,99,138,100,129,118
1128.5,80,86,109,129,115
1129.0,104,75,128,135,121
1129.5,112,91,118,130,108
1130.0,110,106,114,119,91
1130.5,120,108,113,104,123
1131.0,83,94,134,127,113
1131.5,104,106,114,125,105
1132.0,104,101,143,129,104
1132.5,105,93,108,107,127
1133.0,103,85,128,129,114
1133.5,97,96,109,111,122
1134.0,100,95,118,128,89
1134.5,110,78,130,101,102
1135.0,115,85,110,110,109
1135.5,94,107,107,145,118
1136.0,70,81,119,133,96
1136.5,77,84,118,108,110
1137.0,90,89,111,122,107
1137.5,105,114,124,140,119
1138.0,107,89,129,126,141
1138.5,89,103,113,134,114
1139.0,121,109,134,107,108
1139.5,112,104,118,147,75
1140.0,98,89,112,133,106
1140.5,94,117,120,111,116
1141.0,88,91,82,137,114
1141.5,108,110,120,127,116
1142.0,85,102,111,147,89
1142.5,89,104,144,124,118
1143.0,77,116,114,96,128
1143.5,109,98,121,133,112
1144.0,100,109,99,110,110
1144.5,116,83,125,151,111
1145.0,93,99,114,101,98
1145.5,117,88,106,103,111
1146.0,104,84,102,170,85
1146.5,85,96,108,130,122
1147.0,131,85,149,133,93
1147.5,132,98,147,156,108
1148.0,95,82,104,133,111
1148.5,93,91,119,99,100
1149.0,110,82,126,105,125
1149.5,95,70,128,112,120
1150.0,123,96,119,138,115
1150.5,124,63,112,115,84
1151.0,104,100,117,133,109
1151.5,120,99,137,144,141
1152.0,90,86,103,133,115
1152.5,100,74,125,124,116
1153.0,80,116,104,112,130
1153.5,91,84,113,135,109
1154.0,107,98,120,129,117
1154.5,88,113,116,100,97
1155.0,101,90,102,136,102
1155.5,107,93,127,145,105
1156.0,88,73,100,119,118
1156.5,119,113,138,115,88
1157.0,94,97,142,121,113
1157.5,89,70,100,119,113
1158.0,108,104,108,128,126
1158.5,95,93,98,122,114
1159.0,125,106,136,117,124
1159.5,98,79,110,120,108
1160.0,106,71,79,115,114
1160.5,101,104,87,146,94
1161.0,105,129,106,122,116
1161.5,115,80,108,119,106
1162.0,88,107,123,127,95
1162.5,81,79,128,131,146
1163.0,89,74,87,121,94
1163.5,103,98,120,114,115
1164.0,101,66,115,96,123
1164.5,67,74,103,95,91
1165.0,88,88,98,132,107
1165.5,105,101,137,122,116
1166.0,105,81,114,109,102
1166.5,107,97,104,141,113
1167.0,84,97,146,146,94
1167.5,119,95,113,139,117
1168.0,111,80,111,136,105
1168.5,111,82,112,108,95
1169.0,96,86,139,135,83
1169.5,97,93,124,127,105
1170.0,75,92,101,120,126
1170.5,101,85,123,105,117
1171.0,79,83,113,119,104
1171.5,84,79,100,119,113
1172.0,102,90,116,153,106
1172.5,88,91,147,110,97
1173.0,119,105,123,120,95
1173.5,96,86,103,133,109
1174.0,71,86,104,139,100
1174.5,106,70,115,118,119
1175.0,100,79,111,127,110
1175.5,105,103,93,121,98
1176.0,79,88,120,111,110
1176.5,131,93,120,133,117
1177.0,100,90,101,124,120
1177.5,88,95,112,92,98
1178.0,104,74,115,121,131
1178.5,70,87,119,113,106
1179.0,90,99,103,124,119
1179.5,103,111,111,126,119
1180.0,112,81,108,123,107
1180.5,91,108,106,121,113
1181.0,73,102,109,119,87
1181.5,78,85,103,150,97
1182.0,96,91,105,122,107
1182.5,94,87,99,119,123
1183.0,90,91,105,107,109
1183.5,102,94,104,106,129
1184.0,131,81,89,117,102
1184.5,80,86,105,98,106
1185.0,96,102,99,130,113
1185.5,108,104,99,122,125
1186.0,90,86,94,109,96
1186.5,112,70,112,115,104
1187.0,100,99,127,128,118
1187.5,121,78,96,144,103
1188.0,112,68,132,104,107
1188.5,102,94,92,129,105
1189.0,113,62,87,138,100
1189.5,105,75,106,120,91
1190.0,122,81,103,114,96
1190.5,105,127,99,135,102
1191.0,87,110,94,94,100
1191.5,93,80,103,110,99
1192.0,97,91,120,102,109
1192.5,121,129,94,109,142
1193.0,97,65,100,101,118
1193.5,111,87,126,127,97
1194.0,90,81,101,120,107
1194.5,91,107,126,127,126
1195.0,101,101,104,94,108
1195.5,92,95,95,156,112
1196.0,107,92,110,120,108
1196.5,109,72,91,109,101
1197.0,105,116,88,121,106
1197.5,84,83,105,128,97
1198.0,75,90,95,107,123
1198.5,110,108,111,125,135
1199.0,96,79,129,115,135
1199.5,78,92,104,103,125
1200.0,85,81,82,117,112
1200.5,81,90,126,135,100
1201.0,94,95,110,121,131
1201.5,99,109,90,112,104
1202.0,101,81,90,108,94
1202.5,93,97,110,98,120
1203.0,79,65,99,129,85
1203.5,111,81,91,149,110
1204.0,92,109,92,114,107
1204.5,97,97,106,120,130
1205.0,90,81,104,98,102
1205.5,86,89,112,123,107
1206.0,100,128,97,132,134
1206.5,113,70,100,136,88
1207.0,94,76,118,122,88
1207.5,87,106,113,95,102
1208.0,86,94,129,141,139
1208.5,77,86,120,120,114
1209.0,74,108,91,129,121
1209.5,88,100,88,130,103
1210.0,96,111,119,99,111
1210.5,89,90,106,115,120
1211.0,88,89,88,111,103
1211.5,87,83,127,94,107
1212.0,105,87,113,128,110
1212.5,68,81,113,114,88
1213.0,97,109,114,139,110
1213.5,115,82,107,119,119
1214.0,101,83,112,147,99
1214.5,109,93,98,135,86
1215.0,97,88,119,121,128
1215.5,106,105,121,130,135
1216.0,105,76,111,118,98
1216.5,94,73,103,132,117
1217.0,75,94,94,121,106
1217.5,51,91,111,114,111
1218.0,86,97,128,137,133
1218.5,116,86,95,115,115
1219.0,84,73,125,116,105
1219.5,81,94,88,97,126
1220.0,70,74,128,138,129
1220.5,99,81,112,123,105
1221.0,98,79,127,99,118
1221.5,102,72,108,143,98
1222.0,95,105,114,104,115
1222.5,94,101,99,109,126
1223.0,128,104,126,104,90
1223.5,83,102,102,126,115
1224.0,78,104,119,110,107
1224.5,82,89,111,137,101
1225.0,98,92,100,113,137
1225.5,119,85,96,107,97
1226.0,81,98,122,131,105
1226.5,91,82,130,90,128
1227.0,78,84,93,123,116
1227.5,99,104,106,114,111
1228.0,82,82,122,123,117
1228.5,106,78,92,137,112
1229.0,97,90,94,130,132
1229.5,99,69,120,110,114
1230.0,85,74,105,127,112
1230.5,104,105,88,139,107
1231.0,78,110,106,145,98
1231.5,96,96,121,103,122
1232.0,83,59,113,127,132
1232.5,95,93,116,107,110
1233.0,91,73,99,125,88
1233.5,80,92,120,115,125
1234.0,85,89,101,114,112
1234.5,104,108,89,115,94
1235.0,100,76,103,108,120
1235.5,102,88,115,93,98
1236.0,108,92,107,142,121
1236.5,84,76,127,101,102
1237.0,75,56,139,103,123
1237.5,113,102,123,125,120
1238.0,77,88,110,122,120
1238.5,98,90,102,134,122
1239.0,71,80,86,127,83
1239.5,90,83,97,137,117
1240.0,89,89,95,90,127
1240.5,90,88,122,126,123
1241.0,100,71,118,148,124
1241.5,94,84,83,109,111
1242.0,99,128,112,123,95
1242.5,91,86,131,115,113
1243.0,90,68,126,119,129
1243.5,93,130,90,106,136
1244.0,73,82,131,95,114
1244.5,96,84,106,117,119
1245.0,88,80,123,110,114
1245.5,111,85,119,130,110
1246.0,95,69,102,100,114
1246.5,103,82,139,119,139
1247.0,87,78,89,118,128
1247.5,92,93,92,113,103
1248.0,89,111,96,132,128
1248.5,85,104,84,113,110
1249.0,93,83,101,154,115
1249.5,96,95,93,128,117
1250.0,107,80,99,104,86
1250.5,112,99,120,126,121
1251.0,89,63,101,123,99
1251.5,115,114,127,138,118
1252.0,87,70,87,127,106
1252.5,94,88,88,116,116
1253.0,106,78,107,120,94
1253.5,102,117,110,115,119
1254.0,107,56,114,101,111
1254.5,82,71,109,107,89
1255.0,91,85,73,106,120
1255.5,80,95,123,117,104
1256.0,88,79,110,137,118
1256.5,119,85,108,131,112
1257.0,110,108,92,112,113
1257.5,83,83,129,108,105
1258.0,96,74,95,135,134
1258.5,96,99,134,116,129
1259.0,73,71,99,143,109
1259.5,93,85,102,129,114
1260.0,87,105,117,122,133
1260.5,72,65,116,120,93
1261.0,85,71,110,101,120
1261.5,96,83,104,147,122
1262.0,81,74,105,122,115
1262.5,69,122,127,138,135
1263.0,104,80,127,119,107
1263.5,77,109,93,125,121
1264.0,56,95,112,126,110
1264.5,80,87,82,136,119
1265.0,106,117,108,124,95
1265.5,90,79,101,129,122
1266.0,93,77,103,131,113
1266.5,86,70,115,124,116
1267.0,95,94,116,113,112
1267.5,89,99,103,158,115
1268.0,79,82,86,114,111
1268.5,75,104,99,128,107
1269.0,85,63,126,120,112
1269.5,70,92,132,133,126
1270.0,93,74,98,127,104
1270.5,70,70,123,127,130
1271.0,104,86,111,100,99
1271.5,102,31,114,122,101
1272.0,130,82,100,105,134
1272.5,89,83,101,113,92
1273.0,77,68,134,136,108
1273.5,97,86,109,128,108
1274.0,94,61,107,138,101
1274.5,101,73,102,122,103
1275.0,45,83,92,125,104
1275.5,82,89,72,119,98
1276.0,92,86,108,116,99
1276.5,89,90,97,109,96
1277.0,74,83,113,107,112
1277.5,88,95,129,139,96
1278.0,86,94,108,136,119
1278.5,102,99,107,117,128
1279.0,91,88,107,126,106
1279.5,97,70,106,106,124
1280.0,108,88,106,132,140
1280.5,76,76,92,115,127
1281.0,73,73,102,118,129
1281.5,79,69,92,113,108
1282.0,92,69,78,118,112
1282.5,88,82,123,141,127
1283.0,80,64,101,121,96
1283.5,99,67,123,128,111
1284.0,83,77,118,117,114
1284.5,78,62,113,132,113
1285.0,91,88,102,127,101
1285.5,90,92,111,113,132
1286.0,102,64,111,136,129
1286.5,84,76,101,154,145
1287.0,92,75,106,136,111
1287.5,89,69,117,123,85
1288.0,74,89,122,136,116
1288.5,92,87,94,109,131
1289.0,97,90,111,86,95
1289.5,78,86,122,110,110
1290.0,70,75,123,131,105
1290.5,111,79,106,140,110
1291.0,82,93,106,116,134
1291.5,102,89,94,130,115
1292.0,85,75,118,100,97
1292.5,75,74,102,109,125
1293.0,83,71,91,124,126
1293.5,93,85,99,113,121
1294.0,93,82,92,117,126
1294.5,76,88,129,125,100
1295.0,85,61,106,117,111
1295.5,118,71,88,113,127
1296.0,72,66,88,109,114
1296.5,95,60,120,131,112
1297.0,95,66,85,114,89
1297.5,92,72,122,144,107
1298.0,81,105,102,89,117
1298.5,70,80,116,147,118
1299.0,89,53,120,140,106
1299.5,87,81,105,111,120
1300.0,101,66,113,120,91
1300.5,85,101,93,115,115
1301.0,92,78,91,129,118
1301.5,81,104,113,112,128
1302.0,79,103,106,119,148
1302.5,89,74,103,126,99
1303.0,70,68,101,115,109
1303.5,60,84,97,118,94
1304.0,105,80,99,97,95
1304.5,97,71,110,161,140
1305.0,79,61,92,91,116
1305.5,66,83,132,123,104
1306.0,92,69,84,112,115
1306.5,73,79,103,109,116
1307.0,103,76,117,114,94
1307.5,86,87,98,128,119
1308.0,87,77,122,108,99
1308.5,91,78,115,114,112
1309.0,98,93,84,125,122
1309.5,98,76,100,125,115
1310.0,78,87,87,122,122
1310.5,66,72,80,111,102
1311.0,92,99,115,130,107
1311.5,94,85,104,135,104
1312.0,67,85,105,117,115
1312.5,74,71,91,120,87
1313.0,104,91,97,94,88
1313.5,94,83,120,104,120
1314.0,76,52,108,108,132
1314.5,88,75,130,140,135
1315.0,108,58,84,102,101
1315.5,85,86,101,117,115
1316.0,89,78,88,121,100
1316.5,100,84,146,129,103
1317.0,118,62,84,145,98
1317.5,75,83,88,102,93
1318.0,99,64,109,114,128
1318.5,86,84,112,117,115
1319.0,88,58,103,113,101
1319.5,96,65,133,118,110
1320.0,112,84,91,124,144
1320.5,99,63,121,121,115
1321.0,80,103,117,138,107
1321.5,83,88,92,113,114
1322.0,68,92,97,128,103
1322.5,86,71,111,100,103
1323.0,92,89,107,128,90
1323.5,58,67,137,99,114
1324.0,95,76,108,113,144
1324.5,69,87,91,125,104
1325.0,86,55,108,118,127
1325.5,77,88,109,120,104
1326.0,104,58,102,101,82
1326.5,91,84,107,106,123
1327.0,78,73,106,109,103
1327.5,91,79,92,145,87
1328.0,102,83,97,112,112
1328.5,90,72,88,123,113
1329.0,85,87,102,140,113
1329.5,98,100,105,108,143
1330.0,60,88,83,126,108
1330.5,90,73,106,125,122
1331.0,77,73,99,151,118
1331.5,91,79,109,101,108
1332.0,86,77,110,78,108
1332.5,81,93,131,126,88
1333.0,104,78,92,113,140
1333.5,83,76,106,117,89
1334.0,75,85,121,114,100
1334.5,89,76,107,107,106
1335.0,72,71,94,107,105
1335.5,81,84,88,134,121
1336.0,91,75,106,115,95
1336.5,86,58,95,87,113
1337.0,96,85,104,114,83
1337.5,96,93,111,97,121
1338.0,75,67,110,159,108
1338.5,75,59,84,110,116
1339.0,87,70,97,106,110
1339.5,84,66,118,107,107
1340.0,90,82,87,107,87
1340.5,81,75,98,130,99
1341.0,83,74,100,107,110
1341.5,84,69,108,107,137
1342.0,86,72,107,144,95
1342.5,91,72,109,137,112
1343.0,98,77,110,136,101
1343.5,92,78,114,84,142
1344.0,75,82,117,141,119
1344.5,100,91,73,124,127
1345.0,93,74,111,105,111
1345.5,94,79,105,115,123
1346.0,76,90,92,102,107
1346.5,87,95,90,128,100
1347.0,97,76,72,130,121
1347.5,74,72,112,93,105
1348.0,104,64,114,126,91
1348.5,63,62,101,99,129
1349.0,117,56,109,112,105
1349.5,86,92,105,126,112
1350.0,83,92,102,103,95
1350.5,87,88,61,138,123
1351.0,86,66,97,118,118
1351.5,71,95,91,150,107
1352.0,90,63,84,119,112
1352.5,93,69,84,149,82
1353.0,63,57,81,117,125
1353.5,100,72,103,107,96
1354.0,94,73,98,135,108
1354.5,85,89,101,134,95
1355.0,92,68,129,105,91
1355.5,88,68,87,121,105
1356.0,85,70,110,115,97
1356.5,74,77,111,95,84
1357.0,78,71,93,118,127
1357.5,83,80,115,117,103
1358.0,78,77,106,137,86
1358.5,91,83,88,126,112
1359.0,97,80,117,92,128
1359.5,76,76,112,126,72
1360.0,86,75,124,122,96
1360.5,70,70,99,126,138
1361.0,96,95,94,137,108
1361.5,71,56,96,106,102
1362.0,117,88,125,94,112
1362.5,96,80,98,109,102
1363.0,86,107,79,111,101
1363.5,69,63,93,103,114
1364.0,80,57,97,119,96
1364.5,87,75,90,122,105
1365.0,62,72,83,122,128
1365.5,88,72,98,119,108
1366.0,74,68,105,93,142
1366.5,120,77,80,104,92
1367.0,122,75,105,107,107
1367.5,84,82,99,133,130
1368.0,97,95,114,121,127
1368.5,101,78,101,114,108
1369.0,95,95,125,123,109
1369.5,114,82,117,114,119
1370.0,86,102,99,88,117
1370.5,82,82,96,110,113
1371.0,76,73,116,105,129
1371.5,83,101,114,106,98
1372.0,82,82,77,107,105
1372.5,62,81,107,101,99
1373.0,78,87,100,124,103
1373.5,88,94,110,126,112
1374.0,102,89,101,126,103
1374.5,83,82,113,121,113
1375.0,69,88,84,101,105
1375.5,97,71,103,130,108
1376.0,94,78,93,107,119
1376.5,82,57,98,99,94
1377.0,72,68,99,109,100
1377.5,99,100,115,121,92
1378.0,91,76,88,114,82
1378.5,98,75,109,124,110
1379.0,63,59,107,115,112
1379.5,89,90,104,106,86
1380.0,79,88,99,116,86
1380.5,86,61,98,105,97
1381.0,77,61,95,110,115
1381.5,84,102,99,129,103
1382.0,78,75,96,105,111
1382.5,88,78,109,123,144
1383.0,100,112,98,85,129
1383.5,75,74,112,100,99
1384.0,118,87,114,113,95
1384.5,77,72,85,114,103
1385.0,81,93,105,131,111
1385.5,83,74,89,111,124
1386.0,90,86,90,108,99
1386.5,76,90,90,100,92
1387.0,99,70,99,103,106
1387.5,75,104,99,120,109
1388.0,76,84,101,100,101
1388.5,77,84,113,91,113
1389.0,89,70,89,78,123
1389.5,110,69,109,116,111
1390.0,106,75,69,141,107
1390.5,75,63,95,100,126
1391.0,65,78,90,104,101
1391.5,88,66,105,107,92
1392.0,76,103,136,113,106
1392.5,87,87,99,125,109
1393.0,97,64,97,110,112
1393.5,95,83,108,80,110
1394.0,67,74,88,108,105
1394.5,101,90,104,77,99
1395.0,73,101,113,109,104
1395.5,68,78,91,136,93
1396.0,91,69,99,92,111
1396.5,87,62,98,116,84
1397.0,84,92,73,119,98
1397.5,88,67,101,129,91
1398.0,99,59,105,95,118
1398.5,110,78,113,91,84
1399.0,82,70,137,96,120
1399.5,103,96,121,114,98
1400.0,65,68,87,124,83
1400.5,74,89,95,116,92
1401.0,81,68,79,107,91
1401.5,89,70,94,113,100
1402.0,93,63,117,113,90
1402.5,70,68,83,119,90
1403.0,91,71,95,119,103
1403.5,89,74,104,90,100
1404.0,87,59,107,120,78
1404.5,78,83,107,119,95
1405.0,112,74,95,120,107
1405.5,96,66,91,111,101
1406.0,95,65,98,105,101
1406.5,87,72,93,104,95
1407.0,83,74,93,130,86
1407.5,88,83,104,112,104
1408.0,76,77,120,118,91
1408.5,100,85,95,102,75
1409.0,81,85,118,74,84
1409.5,94,101,97,98,89
1410.0,72,88,100,82,100
1410.5,93,72,127,126,106
1411.0,74,89,107,103,83
1411.5,83,79,115,93,106
1412.0,71,76,118,76,112
1412.5,71,99,95,125,94
1413.0,106,70,93,103,101
1413.5,84,71,100,132,94
1414.0,92,52,111,119,86
1414.5,69,89,129,97,97
1415.0,84,87,73,138,95
1415.5,103,89,110,115,93
1416.0,97,67,98,113,72
1416.5,98,78,108,92,97
1417.0,85,83,104,104,104
1417.5,83,92,110,100,105
1418.0,72,92,92,100,118
1418.5,81,77,112,98,98
1419.0,84,99,109,112,87
1419.5,68,79,97,98,71
1420.0,73,94,82,95,102
1420.5,87,108,116,118,102
1421.0,98,74,88,95,106
1421.5,91,91,89,101,124
1422.0,73,66,104,91,73
1422.5,100,75,84,119,97
1423.0,65,75,93,103,125
1423.5,116,88,101,108,106
1424.0,99,86,89,85,91
1424.5,64,84,105,128,89
1425.0,74,88,111,107,115
1425.5,100,87,95,97,94
1426.0,96,58,96,93,82
1426.5,87,88,98,100,110
1427.0,95,60,116,96,102
1427.5,74,82,102,115,113
1428.0,88,76,115,103,86
1428.5,74,72,101,116,79
1429.0,80,61,89,91,76
1429.5,101,75,126,115,109
1430.0,81,94,103,86,87
1430.5,83,97,99,106,88
1431.0,92,73,91,145,113
1431.5,71,78,127,121,61
1432.0,95,79,96,120,79
1432.5,73,52,110,127,112
1433.0,82,83,122,97,76
1433.5,99,76,96,87,101
1434.0,72,85,104,112,97
1434.5,80,83,97,122,109
1435.0,66,76,99,120,101
1435.5,114,61,95,118,98
1436.0,74,74,88,99,80
1436.5,67,82,120,88,109
1437.0,91,64,114,113,119
1437.5,69,70,71,117,109
1438.0,85,72,95,118,83
1438.5,96,75,90,103,95
1439.0,79,82,126,83,67
1439.5,90,95,80,118,96
1440.0,54,88,130,86,99
1440.5,89,85,113,86,117
1441.0,86,76,103,116,83
1441.5,116,54,81,128,107
1442.0,100,86,77,81,106
1442.5,86,80,89,124,102
1443.0,87,73,89,116,98
1443.5,83,94,88,98,101
1444.0,77,74,100,110,80
1444.5,83,67,81,135,80
1445.0,85,72,107,109,90
1445.5,85,74,108,97,100
1446.0,82,73,89,78,93
1446.5,78,76,103,95,91
1447.0,84,61,110,105,81
1447.5,77,72,108,93,92
1448.0,77,78,108,96,96
1448.5,82,75,104,106,103
1449.0,77,80,79,93,89
1449.5,64,77,119,119,73
1450.0,99,90,78,94,89
1450.5,77,56,109,82,121
1451.0,103,101,97,100,98
1451.5,89,69,99,106,94
1452.0,87,71,119,113,79
1452.5,87,76,109,116,113
1453.0,98,65,89,93,85
1453.5,89,69,99,97,89
1454.0,89,112,104,109,104
1454.5,66,93,98,124,66
1455.0,65,79,124,95,110
1455.5,83,98,117,119,84
1456.0,71,70,113,107,96
1456.5,76,80,89,106,90
1457.0,94,76,94,99,90
1457.5,97,83,97,87,96
1458.0,78,68,90,109,94
1458.5,84,69,98,98,94
1459.0,53,65,88,112,104
1459.5,69,94,67,96,95
1460.0,91,54,95,110,86
1460.5,77,81,84,96,77
1461.0,72,93,108,128,103
1461.5,81,56,118,111,101
1462.0,90,68,84,59,73
1462.5,85,71,107,97,103
1463.0,81,80,105,104,98
1463.5,73,64,76,108,104
1464.0,81,56,85,112,95
1464.5,82,57,109,102,101
1465.0,92,90,93,96,98
1465.5,67,85,118,133,91
1466.0,77,74,89,130,103
1466.5,79,72,89,72,106
1467.0,99,73,101,104,97
1467.5,68,63,90,124,88
1468.0,91,91,87,97,107
1468.5,64,69,121,131,87
1469.0,74,57,108,111,100
1469.5,78,51,104,90,92
1470.0,89,89,111,91,83
1470.5,92,59,91,125,94
1471.0,68,73,110,111,73
1471.5,71,47,105,119,86
1472.0,101,71,106,95,81
1472.5,65,82,124,116,103
1473.0,58,58,116,116,96
1473.5,66,85,88,112,99
1474.0,89,61,96,104,106
1474.5,86,81,116,83,82
1475.0,72,79,104,102,92
1475.5,76,77,95,87,90
1476.0,76,61,93,104,97
1476.5,78,62,91,106,80
1477.0,70,80,94,116,80
1477.5,81,82,120,118,82
1478.0,79,93,100,96,80
1478.5,94,79,85,84,87
1479.0,83,50,117,116,84
1479.5,62,52,113,100,96
1480.0,123,66,91,117,99
1480.5,73,67,103,108,89
1481.0,84,77,101,96,105
1481.5,72,75,124,71,88
1482.0,91,82,119,97,75
1482.5,56,64,119,92,90
1483.0,87,52,107,99,87
1483.5,89,54,94,92,83
1484.0,86,83,71,99,128
1484.5,107,68,115,105,116
1485.0,90,87,105,112,89
1485.5,95,63,101,113,86
1486.0,75,74,110,128,88
1486.5,60,73,97,118,97
1487.0,82,72,95,97,104
1487.5,80,83,90,109,91
1488.0,74,94,93,95,77
1488.5,89,90,103,135,107
1489.0,62,94,127,90,87
1489.5,77,55,85,115,65
1490.0,69,68,118,107,105
1490.5,93,89,96,122,83
1491.0,108,59,103,109,109
1491.5,89,65,107,98,81
1492.0,70,57,108,105,90
1492.5,84,91,89,89,108
1493.0,69,49,102,96,88
1493.5,99,66,96,96,107
1494.0,79,107,122,96,99
1494.5,85,81,83,117,98
1495.0,84,69,94,98,103
1495.5,61,64,104,91,88
1496.0,96,87,92,103,99
1496.5,77,84,85,84,89
1497.0,113,103,84,107,108
1497.5,86,74,98,83,100
1498.0,66,77,87,90,73
1498.5,76,78,96,106,78
1499.0,75,73,67,88,90
1499.5,81,86,101,122,115
1500.0,77,70,113,81,108
1500.5,87,68,86,84,87
1501.0,71,56,129,114,101
1501.5,103,101,111,104,96
1502.0,88,75,86,111,81
1502.5,100,72,93,89,86
1503.0,82,80,104,78,88
1503.5,95,50,79,83,88
1504.0,73,90,101,107,87
1504.5,95,54,100,77,83
1505.0,69,65,98,94,97
1505.5,88,91,95,79,86
1506.0,83,76,106,92,99
1506.5,79,64,102,97,93
1507.0,86,67,87,111,81
1507.5,87,70,101,122,82
1508.0,65,92,107,111,86
1508.5,91,91,79,100,112
1509.0,95,80,99,93,105
1509.5,115,79,84,90,78
1510.0,90,67,72,105,83
1510.5,88,99,88,89,96
1511.0,109,69,76,122,112
1511.5,95,62,89,102,110
1512.0,89,74,85,116,94
1512.5,74,68,103,122,66
1513.0,72,82,103,121,91
1513.5,99,77,91,110,101
1514.0,71,64,96,94,91
1514.5,80,94,96,126,111
1515.0,78,67,75,105,81
1515.5,68,60,84,105,103
1516.0,96,61,76,97,102
1516.5,69,73,94,120,77
1517.0,72,98,91,101,96
1517.5,76,54,97,86,115
1518.0,68,79,97,71,86
1518.5,71,70,79,132,86
1519.0,93,70,98,106,78
1519.5,81,52,88,101,83
1520.0,81,78,120,85,99
1520.5,85,67,102,109,109
1521.0,101,75,117,98,101
1521.5,61,98,91,92,97
1522.0,114,79,111,97,87
1522.5,95,76,104,90,75
1523.0,83,82,98,101,100
1523.5,92,83,91,99,85
1524.0,70,77,114,81,109
1524.5,94,72,95,111,106
1525.0,84,73,124,132,86
1525.5,76,65,95,105,78
1526.0,69,75,84,115,103
1526.5,76,50,114,98,85
1527.0,50,69,117,91,99
1527.5,86,57,89,94,93
1528.0,89,69,93,100,89
1528.5,83,86,99,91,71
1529.0,69,69,121,79,80
1529.5,90,65,133,87,90
1530.0,83,82,89,88,100
1530.5,80,80,98,86,82
1531.0,92,73,110,104,98
1531.5,94,82,79,100,102
1532.0,81,81,92,86,91
1532.5,86,81,103,82,82
1533.0,75,63,73,102,92
1533.5,70,67,81,85,91
1534.0,77,80,94,120,93
1534.5,76,85,94,110,105
1535.0,82,73,79,105,90
1535.5,78,66,116,93,85
1536.0,71,78,96,91,97
1536.5,96,72,112,125,92
1537.0,97,66,119,69,74
1537.5,107,108,84,95,89
1538.0,74,80,89,73,109
1538.5,100,75,66,141,73
1539.0,65,81,118,92,82
1539.5,71,61,98,89,77
1540.0,70,84,94,89,111
1540.5,75,76,92,69,112
1541.0,69,54,113,92,104
1541.5,80,76,95,72,66
1542.0,93,91,82,112,78
1542.5,68,63,86,105,90
1543.0,100,75,80,119,91
1543.5,71,65,90,120,93
1544.0,82,75,94,85,96
1544.5,65,79,100,92,101
1545.0,92,101,65,69,106
1545.5,74,77,85,92,73
1546.0,70,81,86,107,89
1546.5,83,83,84,114,100
1547.0,93,65,96,112,88
1547.5,87,78,78,105,94
1548.0,75,87,93,96,92
1548.5,95,93,96,78,97
1549.0,72,66,79,85,100
1549.5,85,69,90,98,96
1550.0,60,78,105,90,106
1550.5,74,60,82,114,85
1551.0,55,93,106,95,80
1551.5,54,73,114,106,91
1552.0,87,74,109,84,98
1552.5,72,64,95,95,99
1553.0,82,62,81,85,93
1553.5,89,68,101,106,77
1554.0,82,75,120,90,76
1554.5,83,106,99,123,122
1555.0,52,67,82,95,105
1555.5,92,92,82,111,88
1556.0,96,79,98,107,103
1556.5,79,77,110,68,115
1557.0,100,76,83,93,93
1557.5,75,93,93,92,99
1558.0,83,72,86,91,111
1558.5,90,68,100,103,99
1559.0,63,67,87,83,84
1559.5,77,63,81,87,108
1560.0,69,83,79,103,72
1560.5,76,82,86,74,81
1561.0,101,70,100,114,82
1561.5,93,61,97,85,74
1562.0,96,81,74,87,97
1562.5,68,75,81,98,84
1563.0,82,73,94,126,106
1563.5,72,80,90,108,89
1564.0,75,53,106,87,112
1564.5,83,87,96,88,117
1565.0,52,79,113,90,87
1565.5,71,57,104,109,102
1566.0,80,76,82,83,90
1566.5,63,80,98,92,85
1567.0,66,94,112,93,108
1567.5,75,80,124,108,83
1568.0,84,57,86,107,95
1568.5,84,73,92,103,123
1569.0,62,91,109,109,95
1569.5,84,87,82,92,93
1570.0,73,57,62,98,95
1570.5,105,71,110,90,86
1571.0,92,82,71,79,120
1571.5,91,57,79,74,92
1572.0,73,75,111,97,112
1572.5,71,59,90,107,79
1573.0,51,61,113,120,87
1573.5,83,68,87,79,100
1574.0,76,75,78,77,82
1574.5,73,86,97,104,94
1575.0,70,58,97,73,92
1575.5,72,64,83,77,105
1576.0,63,80,72,87,92
1576.5,84,45,101,91,100
1577.0,79,78,106,91,105
1577.5,65,81,118,109,95
1578.0,82,80,95,104,85
1578.5,79,60,99,99,102
1579.0,92,91,87,79,76
1579.5,87,81,94,97,98
1580.0,76,56,81,80,91
1580.5,93,80,92,82,98
1581.0,82,79,106,133,101
1581.5,62,49,78,89,97
1582.0,80,81,88,83,99
1582.5,80,70,95,82,78
1583.0,63,70,99,102,79
1583.5,83,83,85,91,109
1584.0,91,72,105,109,66
1584.5,82,60,113,79,76
1585.0,65,55,92,99,98
1585.5,85,69,108,88,108
1586.0,79,55,98,95,100
1586.5,89,110,74,87,84
1587.0,78,78,103,85,78
1587.5,100,71,78,71,95
1588.0,83,96,87,115,88
1588.5,76,58,91,114,88
1589.0,79,102,107,97,103
1589.5,87,81,80,97,99
1590.0,80,69,98,84,98
1590.5,59,66,77,112,68
1591.0,115,87,82,79,85
1591.5,79,74,84,71,71
1592.0,74,67,101,122,65
1592.5,59,80,93,88,89
1593.0,79,65,78,110,76
1593.5,85,69,90,98,99
1594.0,66,70,109,86,108
1594.5,69,67,119,85,88
1595.0,57,65,95,96,83
1595.5,65,76,83,119,88
1596.0,58,63,80,70,88
1596.5,78,83,87,81,69
1597.0,62,94,135,78,81
1597.5,64,63,103,91,89
1598.0,65,73,108,83,82
1598.5,82,61,75,110,73
1599.0,92,77,80,75,85
1599.5,62,60,83,100,77
1600.0,79,81,89,72,75
1600.5,72,77,92,83,93
1601.0,52,74,73,106,78
1601.5,59,80,88,103,105
1602.0,75,69,112,93,73
1602.5,54,77,99,98,73
1603.0,87,99,112,76,89
1603.5,53,72,86,81,80
1604.0,90,92,74,112,84
1604.5,80,69,109,81,89
1605.0,67,73,97,94,79
1605.5,80,71,92,97,90
1606.0,79,78,108,98,71
1606.5,56,63,103,85,88
1607.0,58,58,93,86,85
1607.5,67,68,107,98,63
1608.0,69,52,103,58,92
1608.5,106,63,105,95,77
1609.0,75,59,91,79,99
1609.5,77,55,86,97,87
1610.0,53,70,79,85,87
1610.5,63,75,87,108,72
1611.0,69,64,74,86,65
1611.5,70,65,93,97,84
1612.0,64,99,100,84,86
1612.5,54,81,85,105,69
1613.0,77,92,66,101,77
1613.5,72,80,102,83,90
1614.0,74,88,75,93,104
1614.5,86,85,110,94,78
1615.0,78,67,100,84,98
1615.5,71,69,96,83,92
1616.0,82,63,103,81,77
1616.5,65,55,119,88,89
1617.0,72,72,92,59,69
1617.5,79,87,71,81,86
1618.0,87,58,101,76,82
1618.5,75,66,102,94,84
1619.0,70,70,114,82,61
1619.5,70,57,107,82,91
1620.0,53,77,88,89,89
1620.5,78,52,93,90,81
1621.0,66,79,99,77,91
1621.5,83,64,99,91,69
1622.0,62,92,82,92,85
1622.5,80,75,89,115,90
1623.0,80,72,87,79,91
1623.5,58,98,95,87,99
1624.0,79,79,92,105,73
1624.5,80,67,112,91,72
1625.0,81,54,111,68,102
1625.5,60,60,105,86,64
1626.0,74,62,101,78,88
1626.5,71,75,89,99,99
1627.0,52,73,106,121,85
1627.5,72,75,103,96,98
1628.0,71,88,84,92,95
1628.5,87,100,103,90,89
1629.0,85,85,117,94,103
1629.5,73,74,86,98,89
1630.0,87,71,80,69,115
1630.5,90,73,82,76,101
1631.0,72,66,67,107,89
1631.5,60,71,86,95,77
1632.0,90,57,83,79,84
1632.5,66,87,106,103,88
1633.0,91,84,91,57,91
1633.5,70,61,95,81,95
1634.0,66,78,84,81,76
1634.5,82,99,72,104,115
1635.0,91,78,101,100,103
1635.5,66,70,96,79,75
1636.0,58,77,109,86,112
1636.5,73,76,116,77,89
1637.0,76,66,97,91,75
1637.5,67,89,116,95,91
1638.0,78,63,111,83,76
1638.5,61,58,100,80,76
1639.0,67,60,105,98,99
1639.5,66,41,88,94,92
1640.0,78,54,109,70,71
1640.5,74,87,110,95,83
1641.0,69,57,57,101,75
1641.5,81,76,92,92,89
1642.0,85,99,95,104,83
1642.5,83,74,84,109,84
1643.0,69,72,93,89,96
1643.5,102,93,95,80,103
1644.0,74,81,120,82,99
1644.5,89,68,110,80,97
1645.0,72,57,86,96,67
1645.5,89,74,71,89,80
1646.0,65,69,100,71,96
1646.5,72,76,98,76,100
1647.0,71,86,78,114,79
1647.5,64,88,76,72,63
1648.0,69,92,89,86,91
1648.5,65,58,96,78,105
1649.0,63,46,96,105,93
1649.5,57,77,93,83,82
1650.0,70,78,91,78,92
1650.5,70,48,98,105,84
1651.0,79,78,105,93,86
1651.5,77,80,68,114,80
1652.0,63,61,99,87,75
1652.5,66,89,99,115,85
1653.0,80,52,93,110,85
1653.5,75,62,100,83,90
1654.0,64,72,78,79,69
1654.5,101,53,114,96,62
1655.0,61,62,93,80,71
1655.5,94,88,83,109,95
1656.0,85,54,95,92,99
1656.5,86,77,96,88,86
1657.0,62,64,91,92,95
1657.5,84,96,97,96,90
1658.0,102,64,76,119,66
1658.5,74,57,90,69,85
1659.0,98,76,94,92,84
1659.5,58,78,101,86,65
1660.0,51,83,65,93,94
1660.5,96,73,99,95,99
1661.0,80,78,100,103,100
1661.5,82,81,106,88,92
1662.0,69,75,95,90,74
1662.5,71,64,75,88,71
1663.0,69,90,84,80,82
1663.5,62,87,86,80,101
1664.0,64,74,82,58,86
1664.5,77,84,86,99,98
1665.0,78,89,76,75,73
1665.5,78,99,95,112,102
1666.0,64,71,85,88,85
1666.5,67,101,78,82,96
1667.0,87,74,93,84,96
1667.5,65,68,102,108,87
1668.0,83,88,77,95,97
1668.5,68,57,91,97,59
1669.0,79,81,96,70,68
1669.5,70,78,58,99,58
1670.0,59,78,70,72,91
1670.5,66,76,108,92,75
1671.0,68,73,83,83,94
1671.5,82,63,103,84,74
1672.0,55,62,87,79,79
1672.5,88,72,74,82,75
1673.0,65,68,73,64,71
1673.5,65,79,115,78,106
1674.0,71,57,67,79,61
1674.5,69,67,91,124,113
1675.0,72,88,87,94,92
1675.5,92,63,84,115,78
1676.0,81,71,100,100,84
1676.5,86,62,78,92,93
1677.0,70,76,99,99,75
1677.5,66,56,99,115,86
1678.0,85,81,90,107,99
1678.5,62,69,94,74,108
1679.0,64,77,79,107,91
1679.5,72,75,86,90,95
1680.0,67,71,68,105,60
1680.5,68,69,76,93,74
1681.0,89,65,103,101,84
1681.5,57,71,92,103,102
1682.0,65,76,97,90,95
1682.5,77,50,83,82,99
1683.0,64,54,87,90,72
1683.5,84,86,98,111,87
1684.0,72,73,95,107,74
1684.5,65,64,75,83,85
1685.0,57,89,93,94,95
1685.5,63,66,108,95,63
1686.0,72,57,72,107,87
1686.5,89,79,102,108,107
1687.0,62,68,86,92,97
1687.5,57,67,102,79,96
1688.0,70,72,91,78,91
1688.5,62,65,103,65,75
1689.0,69,66,91,91,84
1689.5,67,87,84,95,86
1690.0,92,65,89,69,95
1690.5,61,53,84,92,96
1691.0,66,61,79,92,73
1691.5,80,59,75,97,97
1692.0,68,57,99,67,95
1692.5,85,72,74,115,91
1693.0,82,52,102,84,77
1693.5,72,71,74,88,95
1694.0,91,77,72,83,73
1694.5,67,68,112,82,94
1695.0,75,58,93,62,91
1695.5,74,77,83,83,83
1696.0,63,76,94,78,80
1696.5,56,69,65,67,96
1697.0,71,63,78,83,68
1697.5,76,63,86,96,107
1698.0,64,62,74,91,71
1698.5,92,79,102,82,78
1699.0,79,59,85,89,81
1699.5,68,76,86,67,92
1700.0,64,71,100,91,71
1700.5,50,61,107,92,78
1701.0,74,60,90,67,68
1701.5,89,63,67,95,75
1702.0,79,63,76,107,68
1702.5,53,77,100,92,62
1703.0,58,73,103,73,63
1703.5,65,87,107,81,69
1704.0,58,79,108,108,78
1704.5,61,67,75,78,80
1705.0,67,57,85,80,71
1705.5,58,70,81,88,69
1706.0,58,70,80,84,82
1706.5,81,64,87,84,90
1707.0,59,60,71,114,111
1707.5,66,61,120,90,90
1708.0,66,70,97,103,89
1708.5,91,66,97,77,103
1709.0,71,86,95,67,72
1709.5,67,36,84,104,73
1710.0,71,88,95,64,107
1710.5,92,84,93,90,79
1711.0,80,73,88,89,99
1711.5,69,83,89,76,89
1712.0,61,83,74,96,93
1712.5,66,64,88,95,81
1713.0,57,67,98,102,96
1713.5,68,74,82,96,77
1714.0,90,68,114,73,81
1714.5,76,76,64,92,79
1715.0,80,61,98,73,80
1715.5,62,73,90,70,98
1716.0,103,69,81,104,87
1716.5,89,68,100,87,85
1717.0,61,94,94,105,79
1717.5,73,74,91,95,92
1718.0,68,80,79,104,92
1718.5,83,63,98,84,65
1719.0,72,59,82,66,84
1719.5,74,93,83,90,130
1720.0,70,70,91,62,95
1720.5,77,77,99,103,85
1721.0,53,57,82,93,86
1721.5,118,78,104,92,80
1722.0,82,77,95,101,90
1722.5,46,74,107,99,78
1723.0,66,67,92,84,101
1723.5,69,91,90,101,91
1724.0,75,80,104,105,95
1724.5,59,71,83,85,79
1725.0,59,62,74,82,74
1725.5,58,61,97,65,69
1726.0,61,62,70,68,81
1726.5,73,73,93,90,101
1727.0,50,76,99,79,95
1727.5,60,64,82,96,87
1728.0,45,56,79,98,88
1728.5,93,61,99,65,95
1729.0,39,69,83,93,73
1729.5,69,70,87,86,76
1730.0,77,86,97,89,88
1730.5,86,90,68,74,79
1731.0,75,61,101,77,70
1731.5,66,82,80,110,58
1732.0,70,70,69,89,46
1732.5,55,57,100,82,103
1733.0,78,77,86,94,86
1733.5,69,73,63,82,88
1734.0,70,53,99,101,89
1734.5,45,67,115,86,97
1735.0,65,52,97,73,84
1735.5,46,83,73,96,90
1736.0,60,74,110,87,101
1736.5,68,74,78,94,71
1737.0,78,73,89,96,96
1737.5,65,65,82,118,77
1738.0,86,73,70,70,70
1738.5,53,91,85,86,74
1739.0,67,59,93,72,78
1739.5,50,65,80,68,94
1740.0,58,69,72,88,92
1740.5,76,73,96,95,79
1741.0,48,68,73,89,99
1741.5,51,60,72,73,80
1742.0,71,78,85,113,92
1742.5,59,75,115,87,81
1743.0,74,55,94,86,65
1743.5,78,59,85,85,87
1744.0,92,73,56,83,90
1744.5,51,68,71,63,90
1745.0,43,73,100,101,89
1745.5,60,63,86,109,108
1746.0,63,60,96,75,76
1746.5,66,56,97,69,94
1747.0,74,69,98,107,68
1747.5,67,68,78,70,91
1748.0,59,46,85,81,98
1748.5,59,80,78,130,89
1749.0,42,79,94,110,82
1749.5,73,56,79,82,93
1750.0,68,82,82,99,74
1750.5,93,68,77,87,60
1751.0,63,84,74,74,73
1751.5,51,65,70,114,99
1752.0,81,72,114,76,78
1752.5,89,89,84,88,101
1753.0,71,76,89,81,101
1753.5,73,49,106,81,80
1754.0,59,82,83,86,82
1754.5,65,47,85,78,73
1755.0,57,70,63,83,134
1755.5,68,62,75,90,111
1756.0,78,59,79,95,89
1756.5,60,79,91,78,100
1757.0,56,56,70,74,89
1757.5,50,56,84,91,95
1758.0,61,73,103,88,85
1758.5,69,83,68,79,96
1759.0,68,59,87,79,84
1759.5,72,57,68,73,68
1760.0,56,72,90,88,81
1760.5,68,59,99,88,104
1761.0,58,61,86,72,93
1761.5,84,68,70,93,93
1762.0,56,70,69,77,88
1762.5,60,86,84,103,94
1763.0,79,51,96,78,84
1763.5,69,79,93,102,73
1764.0,79,95,85,48,81
1764.5,54,72,79,105,85
1765.0,91,93,97,69,87
1765.5,70,69,91,92,76
1766.0,59,65,72,67,108
1766.5,61,64,96,83,114
1767.0,64,79,81,80,100
1767.5,67,71,68,57,111
1768.0,52,84,73,78,71
1768.5,72,74,86,78,64
1769.0,64,85,63,81,90
1769.5,74,70,83,89,104
1770.0,59,73,70,115,100
1770.5,78,67,100,91,84
1771.0,64,60,90,77,89
1771.5,66,72,97,80,74
1772.0,63,65,82,72,70
1772.5,67,65,73,82,76
1773.0,78,59,94,89,73
1773.5,61,72,81,77,65
1774.0,73,76,91,99,76
1774.5,53,81,78,78,82
1775.0,72,68,109,87,91
1775.5,63,69,95,89,69
1776.0,68,62,74,74,65
1776.5,79,75,93,101,66
1777.0,76,65,77,93,101
1777.5,79,59,64,96,76
1778.0,64,72,79,93,101
1778.5,55,90,70,82,92
1779.0,45,77,88,93,88
1779.5,78,60,92,93,79
1780.0,51,51,68,56,90
1780.5,50,71,79,82,71
1781.0,39,66,75,95,80
1781.5,58,80,89,78,68
1782.0,63,70,80,78,86
1782.5,62,65,82,92,96
1783.0,52,50,97,93,69
1783.5,49,78,84,85,64
1784.0,74,67,95,78,89
1784.5,68,52,100,67,70
1785.0,65,63,87,88,69
1785.5,75,56,68,78,117
1786.0,48,89,76,81,94
1786.5,61,58,90,67,92
1787.0,58,72,79,92,100
1787.5,81,84,83,80,116
1788.0,81,72,105,100,85
1788.5,64,56,82,89,79
1789.0,57,74,54,76,79
1789.5,82,77,74,91,94
1790.0,68,81,69,80,110
1790.5,45,82,70,72,62
1791.0,85,69,93,75,98
1791.5,48,69,94,94,89
1792.0,73,59,63,84,86
1792.5,58,59,77,66,83
1793.0,71,58,92,90,89
1793.5,63,52,79,84,105
1794.0,58,82,115,70,91
1794.5,81,74,90,80,82
1795.0,57,72,104,89,69
1795.5,73,62,89,81,85
1796.0,70,65,84,92,87
1796.5,77,77,68,79,81
1797.0,70,66,88,74,88
1797.5,69,72,85,64,95
1798.0,61,58,82,78,85
1798.5,57,63,89,69,83
1799.0,93,68,75,85,86
1799.5,79,76,77,98,91
1800.0,52,74,60,60,84
1800.5,50,47,84,83,81
1801.0,78,78,90,81,100
1801.5,65,65,62,73,96
1802.0,46,57,62,75,76
1802.5,50,70,99,101,83
1803.0,63,81,77,58,82
1803.5,67,67,94,80,60
1804.0,57,76,61,77,68
1804.5,68,78,75,85,75
1805.0,70,74,70,85,77
1805.5,68,61,72,83,74
1806.0,63,78,61,76,83
1806.5,63,60,94,87,80
1807.0,61,76,109,80,81
1807.5,70,78,73,86,78
1808.0,69,76,74,86,83
1808.5,72,66,61,73,83
1809.0,72,73,76,92,67
1809.5,54,63,88,86,80
1810.0,64,74,81,84,86
1810.5,76,72,88,92,76
1811.0,71,59,84,69,78
1811.5,48,78,100,53,94
1812.0,93,62,72,80,82
1812.5,71,79,92,66,90
1813.0,66,65,88,90,82
1813.5,53,57,69,60,119
1814.0,72,61,62,84,96
1814.5,67,47,50,63,72
1815.0,70,57,70,100,92
1815.5,62,43,72,83,94
1816.0,72,71,74,53,69
1816.5,66,57,78,70,68
1817.0,80,82,78,72,88
1817.5,55,58,74,69,89
1818.0,61,68,78,68,92
1818.5,64,62,91,105,63
1819.0,69,77,62,70,86
1819.5,82,73,68,68,75
1820.0,72,80,77,84,89
1820.5,62,67,70,84,84
1821.0,75,53,76,100,85
1821.5,59,85,82,91,94
1822.0,79,75,82,78,99
1822.5,87,64,84,75,97
1823.0,60,67,79,80,84
1823.5,60,57,82,71,70
1824.0,73,70,77,90,69
1824.5,76,72,53,76,95
1825.0,57,63,84,104,80
1825.5,75,63,82,64,91
1826.0,52,75,89,81,89
1826.5,56,87,74,64,87
1827.0,77,70,67,90,82
1827.5,74,77,80,62,97
1828.0,51,62,89,75,75
1828.5,61,84,91,89,84
1829.0,89,70,79,63,71
1829.5,70,61,71,55,69
1830.0,59,67,80,86,86
1830.5,64,55,95,89,54
1831.0,67,57,87,72,113
1831.5,57,78,94,62,99
1832.0,74,52,99,79,72
1832.5,70,62,96,106,72
1833.0,76,65,79,71,76
1833.5,66,46,88,68,109
1834.0,69,65,95,91,95
1834.5,76,52,66,107,89
1835.0,65,79,55,78,106
1835.5,75,82,85,75,81
1836.0,76,67,82,70,80
1836.5,55,56,71,108,69
1837.0,61,76,79,95,80
1837.5,73,83,73,85,79
1838.0,73,81,47,74,94
1838.5,82,54,95,69,77
1839.0,58,62,62,56,68
1839.5,56,55,82,65,93
1840.0,72,55,68,91,93
1840.5,44,62,90,75,94
1841.0,71,71,89,96,65
1841.5,59,59,57,66,101
1842.0,58,68,73,77,71
1842.5,66,91,70,73,94
1843.0,57,87,73,71,59
1843.5,63,86,62,83,90
1844.0,76,70,86,78,84
1844.5,81,60,79,81,65
1845.0,73,68,72,80,86
1845.5,51,91,73,92,82
1846.0,68,66,77,93,102
1846.5,62,55,72,75,105
1847.0,64,44,75,60,84
1847.5,67,83,84,54,70
1848.0,55,56,87,90,58
1848.5,78,78,65,100,87
1849.0,44,51,82,75,86
1849.5,64,58,74,87,83
1850.0,79,69,84,96,93
1850.5,74,92,66,85,98
1851.0,57,58,61,82,74
1851.5,74,81,66,69,92
1852.0,82,53,69,76,82
1852.5,49,71,87,79,71
1853.0,69,53,81,92,72
1853.5,67,60,82,77,77
1854.0,74,56,80,87,81
1854.5,79,67,90,85,59
1855.0,73,63,95,85,85
1855.5,78,52,71,63,75
1856.0,59,52,75,91,73
1856.5,78,58,94,94,69
1857.0,63,45,75,95,88
1857.5,58,59,99,63,73
1858.0,60,73,93,68,71
1858.5,63,45,72,82,96
1859.0,66,60,70,67,82
1859.5,72,61,82,90,59
1860.0,74,70,87,75,71
1860.5,71,67,49,60,97
1861.0,68,58,65,71,58
1861.5,77,56,74,78,87
1862.0,81,57,63,64,101
1862.5,63,58,87,65,72
1863.0,68,41,82,74,97
1863.5,63,79,91,65,73
1864.0,44,73,92,102,81
1864.5,69,64,75,65,71
1865.0,82,58,112,58,82
1865.5,69,61,70,61,106
1866.0,58,64,59,75,77
1866.5,47,64,63,84,73
1867.0,65,54,94,68,82
1867.5,64,57,77,70,65
1868.0,50,63,63,95,85
1868.5,39,44,74,90,70
1869.0,61,59,80,89,80
1869.5,71,50,97,70,84
1870.0,59,61,86,66,77
1870.5,67,63,80,66,78
1871.0,84,73,71,76,101
1871.5,64,44,79,73,94
1872.0,64,49,85,82,69
1872.5,71,69,67,74,95
1873.0,67,56,88,83,86
1873.5,65,73,64,76,67
1874.0,52,63,73,76,83
1874.5,68,72,102,70,84
1875.0,61,58,92,83,87
1875.5,67,55,77,79,63
1876.0,67,54,79,89,69
1876.5,54,62,83,98,77
1877.0,72,49,71,76,93
1877.5,87,61,87,69,73
1878.0,64,43,78,96,91
1878.5,81,66,86,66,107
1879.0,64,45,95,84,78
1879.5,60,67,79,84,74
1880.0,62,92,73,63,46
1880.5,78,78,93,63,97
1881.0,53,63,77,82,105
1881.5,68,60,67,51,86
1882.0,69,76,84,80,60
1882.5,68,41,79,90,71
1883.0,65,61,91,91,75
1883.5,66,54,79,89,76
1884.0,57,72,60,81,61
1884.5,73,56,74,77,100
1885.0,66,64,58,72,89
1885.5,73,50,106,86,77
1886.0,78,62,64,64,89
1886.5,88,65,86,75,57
1887.0,48,44,73,98,62
1887.5,77,47,75,74,58
1888.0,75,58,78,75,90
1888.5,54,52,75,81,97
1889.0,63,95,70,64,79
1889.5,62,62,72,55,61
1890.0,49,61,62,81,77
1890.5,71,54,86,77,68
1891.0,77,62,78,49,102
1891.5,68,66,66,58,81
1892.0,61,78,59,83,74
1892.5,72,64,79,66,71
1893.0,61,67,79,72,75
1893.5,78,52,69,82,99
1894.0,43,38,96,77,64
1894.5,49,54,50,80,89
1895.0,63,54,65,74,51
1895.5,67,63,73,70,83
1896.0,68,52,105,81,87
1896.5,61,72,78,67,71
1897.0,62,64,83,85,70
1897.5,58,43,87,59,89
1898.0,67,57,92,72,91
1898.5,60,61,73,64,84
1899.0,71,68,75,78,105
1899.5,64,58,84,73,74
1900.0,58,58,58,80,74
1900.5,66,34,72,70,70
1901.0,65,79,71,78,54
1901.5,87,68,69,67,77
1902.0,63,56,77,70,85
1902.5,69,54,54,76,87
1903.0,70,56,92,66,95
1903.5,62,59,57,104,96
1904.0,62,54,70,81,70
1904.5,69,56,88,92,84
1905.0,66,49,103,93,85
1905.5,68,48,90,76,81
1906.0,64,75,75,81,85
1906.5,53,56,85,82,67
1907.0,49,69,80,90,67
1907.5,58,54,67,94,73
1908.0,74,72,64,71,89
1908.5,68,57,77,78,85
1909.0,42,51,73,65,76
1909.5,67,76,85,80,85
1910.0,57,77,75,79,89
1910.5,62,57,80,91,80
1911.0,55,65,79,60,75
1911.5,62,57,98,89,58
1912.0,61,58,69,87,70
1912.5,58,66,94,80,61
1913.0,74,69,97,56,68
1913.5,61,57,68,71,88
1914.0,76,92,66,73,81
1914.5,63,80,63,80,65
1915.0,61,60,60,60,61
1915.5,51,54,89,68,79
1916.0,67,62,75,82,77
1916.5,76,55,78,66,101
1917.0,72,69,94,99,79
1917.5,66,53,74,91,77
1918.0,69,54,80,76,98
1918.5,66,59,65,82,69
1919.0,54,55,84,86,89
1919.5,54,47,78,79,81
1920.0,59,98,74,36,88
1920.5,57,64,87,74,79
1921.0,76,73,79,94,87
1921.5,64,49,68,82,95
1922.0,60,59,61,99,94
1922.5,55,54,91,69,87
1923.0,65,44,71,65,76
1923.5,49,79,68,106,79
1924.0,70,62,79,68,79
1924.5,46,92,58,97,95
1925.0,42,50,71,86,95
1925.5,47,48,62,76,70
1926.0,70,54,64,85,65
1926.5,63,44,73,101,102
1927.0,88,66,60,69,77
1927.5,74,64,92,86,70
1928.0,69,63,78,73,74
1928.5,68,62,68,82,75
1929.0,57,58,84,79,79
1929.5,65,59,83,78,94
1930.0,78,53,71,81,72
1930.5,49,83,75,100,94
1931.0,65,57,95,83,76
1931.5,61,79,78,57,77
1932.0,64,77,78,70,80
1932.5,55,68,68,80,60
1933.0,68,53,64,93,69
1933.5,50,83,87,67,78
1934.0,63,52,77,98,89
1934.5,57,55,65,59,81
1935.0,48,55,73,50,87
1935.5,70,45,80,73,80
1936.0,63,58,68,79,79
1936.5,66,65,74,77,103
1937.0,44,52,63,67,89
1937.5,78,61,59,79,93
1938.0,60,74,100,79,85
1938.5,55,55,77,56,115
1939.0,75,57,71,94,60
1939.5,64,52,75,75,81
1940.0,47,69,81,76,80
1940.5,66,73,72,58,85
1941.0,53,51,75,90,82
1941.5,70,84,53,77,68
1942.0,61,45,82,66,73
1942.5,57,78,77,65,73
1943.0,65,64,74,66,97
1943.5,72,75,68,103,89
1944.0,68,48,60,81,91
1944.5,66,69,54,70,79
1945.0,54,52,47,57,86
1945.5,88,89,91,86,76
1946.0,60,57,79,62,97
1946.5,72,50,50,70,91
1947.0,66,53,80,79,69
1947.5,77,64,59,88,83
1948.0,46,47,97,78,69
1948.5,60,60,82,81,83
1949.0,68,47,84,84,86
1949.5,63,59,61,77,82
1950.0,66,52,79,65,83
1950.5,55,68,56,114,62
1951.0,94,69,68,88,82
1951.5,51,46,87,73,91
1952.0,55,60,84,76,56
1952.5,65,45,94,65,93
1953.0,68,60,70,86,86
1953.5,70,67,69,85,79
1954.0,58,58,84,84,73
1954.5,54,72,73,78,74
1955.0,58,41,84,84,96
1955.5,53,56,91,71,107
1956.0,66,62,79,67,85
1956.5,65,58,62,74,77
1957.0,71,54,68,52,91
1957.5,75,57,66,53,88
1958.0,57,50,76,65,66
1958.5,68,69,70,71,84
1959.0,65,50,88,83,86
1959.5,66,53,80,86,81
1960.0,74,58,73,71,72
1960.5,66,51,93,85,87
1961.0,52,50,69,67,74
1961.5,58,54,78,66,80
1962.0,65,72,72,76,55
1962.5,69,42,85,65,77
1963.0,81,73,79,76,70
1963.5,76,71,65,62,77
1964.0,58,75,84,67,84
1964.5,52,57,76,63,84
1965.0,58,62,66,83,90
1965.5,52,55,95,69,58
1966.0,50,38,79,71,77
1966.5,78,52,95,82,77
1967.0,59,49,76,84,74
1967.5,66,69,76,73,69
1968.0,56,73,87,79,74
1968.5,72,57,81,76,98
1969.0,54,59,49,55,76
1969.5,69,54,78,80,94
1970.0,78,63,77,77,85
1970.5,76,72,97,71,93
1971.0,64,54,56,77,86
1971.5,54,74,68,81,113
1972.0,48,53,82,93,74
1972.5,69,62,84,63,81
1973.0,59,61,92,56,79
1973.5,66,54,84,61,63
1974.0,66,68,62,81,60
1974.5,51,45,59,51,74
1975.0,68,59,91,72,70
1975.5,65,43,99,87,69
1976.0,78,60,63,59,73
1976.5,58,79,62,78,78
1977.0,47,58,91,67,86
1977.5,68,54,77,51,91
1978.0,81,66,93,79,73
1978.5,62,44,66,71,88
1979.0,66,43,76,63,84
1979.5,71,63,80,74,94
1980.0,57,59,100,58,70
1980.5,70,52,66,99,72
1981.0,60,61,69,81,88
1981.5,83,86,77,80,83
1982.0,58,77,70,75,66
1982.5,81,47,74,70,108
1983.0,62,63,68,70,79
1983.5,52,65,77,78,82
1984.0,71,65,70,47,92
1984.5,73,59,103,76,73
1985.0,69,55,58,84,76
1985.5,36,43,67,66,76
1986.0,85,53,68,69,91
1986.5,65,63,56,92,55
1987.0,65,67,78,69,77
1987.5,69,54,71,68,67
1988.0,64,59,80,69,93
1988.5,56,51,72,56,67
1989.0,80,44,67,88,54
1989.5,50,73,67,85,76
1990.0,44,41,65,68,73
1990.5,78,57,66,73,77
1991.0,59,59,101,64,78
1991.5,82,52,74,62,84
1992.0,61,68,87,57,90
1992.5,57,49,58,76,66
1993.0,68,43,54,64,58
1993.5,42,53,67,65,82
1994.0,64,77,54,56,70
1994.5,64,63,70,51,71
1995.0,66,38,75,75,64
1995.5,74,54,58,94,107
1996.0,74,66,73,79,58
1996.5,61,70,67,73,73
1997.0,77,60,65,76,69
1997.5,58,66,70,65,71
1998.0,82,69,85,81,66
1998.5,65,55,51,89,71
1999.0,45,54,63,88,99
1999.5,49,59,68,61,66
