Time,Photons Emitted,Dark Molecule,Active Molecule,Triplet Molecule,Bleached Molecule
0.5,238,100,0,0,0
1.0,185,1,0,99,0
1.5,198,1,0,99,0
2.0,161,1,0,99,0
2.5,202,1,0,99,0
3.0,207,1,0,99,0
3.5,222,1,0,99,0
4.0,195,1,0,99,0
4.5,215,1,0,99,0
5.0,192,1,0,99,0
5.5,175,1,0,99,0
6.0,203,1,0,99,0
6.5,201,1,0,99,0
7.0,219,1,0,99,0
7.5,167,1,0,99,0
8.0,228,1,0,99,0
8.5,197,1,0,99,0
9.0,230,1,0,99,0
9.5,227,1,0,99,0
10.0,182,1,0,99,0
10.5,205,1,0,99,0
11.0,217,1,0,99,0
11.5,224,1,0,99,0
12.0,206,1,0,99,0
12.5,217,1,0,99,0
13.0,203,1,0,99,0
13.5,221,1,0,99,0
14.0,193,1,0,99,0
14.5,201,1,0,99,0
15.0,212,1,0,99,0
15.5,218,1,0,99,0
16.0,214,1,0,99,0
16.5,193,1,0,99,0
17.0,177,1,0,99,0
17.5,205,1,0,99,0
18.0,203,1,0,99,0
18.5,229,1,0,99,0
19.0,202,1,0,99,0
19.5,201,1,0,99,0
20.0,192,1,0,99,0
20.5,206,1,0,99,0
21.0,197,1,0,99,0
21.5,225,1,0,99,0
22.0,222,1,0,99,0
22.5,186,1,0,99,0
23.0,205,1,0,99,0
23.5,189,1,0,99,0
24.0,209,1,0,99,0
24.5,226,1,0,99,0
25.0,213,1,0,99,0
25.5,173,1,0,98,1
26.0,220,1,0,98,1
26.5,229,1,0,98,1
27.0,216,1,0,98,1
27.5,193,1,0,98,1
28.0,209,1,0,98,1
28.5,188,1,0,98,1
29.0,217,1,0,98,1
29.5,157,1,0,98,1
30.0,209,1,0,98,1
30.5,160,1,0,98,1
31.0,170,1,0,98,1
31.5,191,1,0,98,1
32.0,202,1,0,98,1
32.5,182,1,0,98,1
33.0,228,1,0,98,1
33.5,238,1,0,98,1
34.0,184,1,0,98,1
34.5,194,1,0,98,1
35.0,184,1,0,98,1
35.5,195,1,0,98,1
36.0,184,1,0,98,1
36.5,181,1,0,98,1
37.0,169,1,0,98,1
37.5,229,1,0,98,1
38.0,184,1,0,98,1
38.5,189,1,0,98,1
39.0,168,1,0,98,1
39.5,192,1,0,98,1
40.0,177,1,0,97,2
40.5,221,1,0,97,2
41.0,198,1,0,97,2
41.5,222,1,0,97,2
42.0,191,1,0,97,2
42.5,227,1,0,97,2
43.0,218,1,0,97,2
43.5,215,1,0,97,2
44.0,170,1,0,97,2
44.5,200,1,0,97,2
45.0,189,1,0,97,2
45.5,223,1,0,97,2
46.0,187,1,0,97,2
46.5,194,1,0,97,2
47.0,208,1,0,97,2
47.5,172,1,0,97,2
48.0,168,1,0,97,2
48.5,191,1,0,97,2
49.0,203,1,0,97,2
49.5,209,1,0,97,2
50.0,190,1,0,97,2
50.5,210,1,0,97,2
51.0,196,1,0,97,2
51.5,226,1,0,97,2
52.0,180,1,0,97,2
52.5,162,1,0,97,2
53.0,225,1,0,97,2
53.5,197,1,0,97,2
54.0,188,1,0,97,2
54.5,163,1,0,97,2
55.0,178,1,0,97,2
55.5,183,1,0,97,2
56.0,228,1,0,97,2
56.5,175,1,0,97,2
57.0,197,1,0,97,2
57.5,203,1,0,97,2
58.0,206,1,0,97,2
58.5,187,1,0,97,2
59.0,218,1,0,97,2
59.5,188,1,0,97,2
60.0,186,1,0,97,2
60.5,186,1,0,97,2
61.0,178,1,0,97,2
61.5,199,1,0,97,2
62.0,186,1,0,97,2
62.5,218,1,0,97,2
63.0,212,1,0,97,2
63.5,157,1,0,97,2
64.0,185,1,0,97,2
64.5,205,1,0,97,2
65.0,189,1,0,97,2
65.5,185,1,0,97,2
66.0,192,1,0,97,2
66.5,195,1,0,97,2
67.0,185,1,0,97,2
67.5,184,1,0,97,2
68.0,178,1,0,97,2
68.5,188,1,0,97,2
69.0,183,1,0,97,2
69.5,185,1,0,97,2
70.0,174,1,0,97,2
70.5,160,1,0,97,2
71.0,188,1,0,97,2
71.5,207,1,0,97,2
72.0,231,1,0,97,2
72.5,224,1,0,97,2
73.0,182,1,0,97,2
73.5,208,1,0,97,2
74.0,183,1,0,97,2
74.5,186,1,0,97,2
75.0,185,1,0,97,2
75.5,204,1,0,97,2
76.0,163,1,0,97,2
76.5,176,1,0,97,2
77.0,187,1,0,97,2
77.5,211,1,0,97,2
78.0,181,1,0,97,2
78.5,188,1,0,97,2
79.0,218,1,0,97,2
79.5,183,1,0,97,2
80.0,182,1,0,97,2
80.5,197,1,0,97,2
81.0,203,1,0,97,2
81.5,209,1,0,97,2
82.0,218,1,0,97,2
82.5,208,1,0,97,2
83.0,181,1,0,97,2
83.5,193,1,0,97,2
84.0,164,1,0,97,2
84.5,233,1,0,97,2
85.0,197,1,0,97,2
85.5,222,1,0,97,2
86.0,154,1,0,97,2
86.5,184,1,0,97,2
87.0,207,1,0,97,2
87.5,178,1,0,97,2
88.0,174,1,0,96,3
88.5,163,1,0,95,4
89.0,223,1,0,95,4
89.5,192,1,0,95,4
90.0,187,1,0,95,4
90.5,165,1,0,95,4
91.0,197,1,0,95,4
91.5,179,1,0,95,4
92.0,191,1,0,95,4
92.5,186,1,0,95,4
93.0,188,1,0,95,4
93.5,141,1,0,95,4
94.0,175,1,0,95,4
94.5,191,1,0,95,4
95.0,192,1,0,95,4
95.5,196,1,0,95,4
96.0,166,1,0,95,4
96.5,215,1,0,95,4
97.0,172,1,0,95,4
97.5,197,1,0,95,4
98.0,179,1,0,95,4
98.5,167,1,0,95,4
99.0,197,1,0,95,4
99.5,178,1,0,95,4
100.0,193,1,0,95,4
100.5,197,1,0,95,4
101.0,188,1,0,95,4
101.5,199,1,0,95,4
102.0,181,1,0,95,4
102.5,197,1,0,95,4
103.0,188,1,0,95,4
103.5,206,1,0,95,4
104.0,204,1,0,95,4
104.5,226,1,0,95,4
105.0,194,1,0,95,4
105.5,221,1,0,95,4
106.0,196,1,0,95,4
106.5,190,1,0,95,4
107.0,194,1,0,95,4
107.5,176,1,0,95,4
108.0,202,1,0,95,4
108.5,208,1,0,95,4
109.0,179,1,0,95,4
109.5,227,1,0,95,4
110.0,187,1,0,95,4
110.5,208,1,0,95,4
111.0,169,1,0,95,4
111.5,218,1,0,95,4
112.0,213,1,0,95,4
112.5,178,1,0,95,4
113.0,228,1,0,95,4
113.5,213,1,0,95,4
114.0,181,1,0,95,4
114.5,220,1,0,95,4
115.0,183,1,0,95,4
115.5,188,1,0,95,4
116.0,194,1,0,95,4
116.5,177,1,0,95,4
117.0,206,1,0,95,4
117.5,169,1,0,95,4
118.0,193,1,0,95,4
118.5,168,1,0,95,4
119.0,193,1,0,95,4
119.5,185,1,0,95,4
120.0,191,1,0,95,4
120.5,186,1,0,95,4
121.0,188,1,0,95,4
121.5,204,1,0,95,4
122.0,175,1,0,95,4
122.5,198,1,0,95,4
123.0,182,1,0,95,4
123.5,209,1,0,95,4
124.0,205,1,0,95,4
124.5,193,1,0,95,4
125.0,159,1,0,95,4
125.5,230,1,0,95,4
126.0,203,1,0,95,4
126.5,182,1,0,95,4
127.0,226,1,0,95,4
127.5,175,1,0,95,4
128.0,190,1,0,95,4
128.5,188,1,0,95,4
129.0,237,1,0,95,4
129.5,190,1,0,95,4
130.0,213,1,0,95,4
130.5,166,1,0,95,4
131.0,199,1,0,95,4
131.5,194,1,0,95,4
132.0,197,1,0,95,4
132.5,198,1,0,95,4
133.0,194,1,0,95,4
133.5,186,1,0,95,4
134.0,195,1,0,95,4
134.5,180,1,0,95,4
135.0,198,1,0,95,4
135.5,199,1,0,95,4
136.0,206,1,0,95,4
136.5,209,1,0,95,4
137.0,191,1,0,95,4
137.5,194,1,0,95,4
138.0,195,1,0,95,4
138.5,214,1,0,95,4
139.0,227,1,0,95,4
139.5,204,1,0,95,4
140.0,173,1,0,95,4
140.5,192,1,0,95,4
141.0,182,1,0,95,4
141.5,207,1,0,95,4
142.0,194,1,0,95,4
142.5,219,1,0,95,4
143.0,210,1,0,95,4
143.5,222,1,0,95,4
144.0,181,1,0,94,5
144.5,218,1,0,94,5
145.0,170,1,0,94,5
145.5,158,1,0,94,5
146.0,187,1,0,94,5
146.5,171,1,0,94,5
147.0,214,1,0,94,5
147.5,170,1,0,94,5
148.0,164,1,0,94,5
148.5,183,1,0,94,5
149.0,188,1,0,94,5
149.5,231,1,0,94,5
150.0,186,1,0,94,5
150.5,168,1,0,94,5
151.0,210,1,0,94,5
151.5,193,1,0,94,5
152.0,192,1,0,94,5
152.5,195,1,0,94,5
153.0,196,1,0,94,5
153.5,217,1,0,94,5
154.0,192,1,0,94,5
154.5,180,1,0,94,5
155.0,203,1,0,94,5
155.5,217,1,0,94,5
156.0,221,1,0,94,5
156.5,204,1,0,94,5
157.0,184,1,0,94,5
157.5,190,1,0,94,5
158.0,189,1,0,94,5
158.5,197,1,0,94,5
159.0,192,1,0,94,5
159.5,163,1,0,94,5
160.0,215,1,0,94,5
160.5,200,1,0,93,6
161.0,202,1,0,93,6
161.5,166,1,0,93,6
162.0,198,1,0,93,6
162.5,202,1,0,93,6
163.0,163,1,0,93,6
163.5,183,1,0,93,6
164.0,185,1,0,93,6
164.5,174,1,0,93,6
165.0,182,1,0,93,6
165.5,195,1,0,93,6
166.0,190,1,0,93,6
166.5,188,1,0,93,6
167.0,171,1,0,93,6
167.5,140,1,0,93,6
168.0,244,1,0,93,6
168.5,200,1,0,93,6
169.0,190,1,0,93,6
169.5,166,1,0,93,6
170.0,200,1,0,93,6
170.5,188,1,0,93,6
171.0,205,1,0,93,6
171.5,199,1,0,93,6
172.0,181,1,0,93,6
172.5,182,1,0,93,6
173.0,194,1,0,93,6
173.5,161,1,0,93,6
174.0,205,1,0,93,6
174.5,178,1,0,93,6
175.0,143,1,0,93,6
175.5,181,1,0,93,6
176.0,159,1,0,93,6
176.5,165,1,0,93,6
177.0,194,1,0,93,6
177.5,187,1,0,93,6
178.0,177,1,0,93,6
178.5,179,1,0,93,6
179.0,203,1,0,93,6
179.5,184,1,0,93,6
180.0,179,1,0,93,6
180.5,153,1,0,93,6
181.0,187,1,0,93,6
181.5,188,1,0,93,6
182.0,205,1,0,93,6
182.5,198,1,0,93,6
183.0,179,1,0,93,6
183.5,199,1,0,93,6
184.0,172,1,0,93,6
184.5,207,1,0,93,6
185.0,204,1,0,93,6
185.5,149,1,0,93,6
186.0,196,1,0,93,6
186.5,177,1,0,93,6
187.0,188,1,0,93,6
187.5,189,1,0,93,6
188.0,175,1,0,93,6
188.5,189,1,0,92,7
189.0,190,1,0,92,7
189.5,205,1,0,92,7
190.0,160,1,0,92,7
190.5,156,1,0,92,7
191.0,148,1,0,92,7
191.5,206,1,0,92,7
192.0,232,1,0,92,7
192.5,170,1,0,92,7
193.0,173,1,0,92,7
193.5,190,1,0,92,7
194.0,180,1,0,92,7
194.5,212,1,0,92,7
195.0,197,1,0,92,7
195.5,151,1,0,92,7
196.0,187,1,0,92,7
196.5,193,1,0,92,7
197.0,184,1,0,92,7
197.5,168,1,0,92,7
198.0,192,1,0,92,7
198.5,186,1,0,92,7
199.0,167,1,0,92,7
199.5,165,1,0,92,7
200.0,164,1,0,92,7
200.5,197,1,0,92,7
201.0,181,1,0,92,7
201.5,179,1,0,92,7
202.0,169,1,0,92,7
202.5,148,1,0,92,7
203.0,172,1,0,92,7
203.5,196,1,0,92,7
204.0,178,1,0,92,7
204.5,204,1,0,92,7
205.0,150,1,0,92,7
205.5,198,1,0,92,7
206.0,194,1,0,92,7
206.5,188,1,0,92,7
207.0,182,1,0,92,7
207.5,185,1,0,92,7
208.0,196,1,0,92,7
208.5,180,1,0,92,7
209.0,179,1,0,92,7
209.5,193,1,0,92,7
210.0,193,1,0,92,7
210.5,219,1,0,92,7
211.0,187,1,0,92,7
211.5,166,1,0,92,7
212.0,188,1,0,92,7
212.5,169,1,0,92,7
213.0,177,1,0,92,7
213.5,229,1,0,91,8
214.0,191,1,0,91,8
214.5,157,1,0,91,8
215.0,178,1,0,91,8
215.5,194,1,0,91,8
216.0,183,1,0,91,8
216.5,191,1,0,91,8
217.0,188,1,0,91,8
217.5,214,1,0,91,8
218.0,174,1,0,91,8
218.5,196,1,0,91,8
219.0,195,1,0,91,8
219.5,155,1,0,91,8
220.0,197,1,0,90,9
220.5,173,1,0,90,9
221.0,180,1,0,90,9
221.5,161,1,0,90,9
222.0,159,1,0,90,9
222.5,210,1,0,89,10
223.0,178,1,0,89,10
223.5,180,1,0,88,11
224.0,163,1,0,88,11
224.5,172,1,0,88,11
225.0,198,1,0,88,11
225.5,187,1,0,88,11
226.0,191,1,0,88,11
226.5,173,1,0,88,11
227.0,171,1,0,88,11
227.5,178,1,0,88,11
228.0,179,1,0,88,11
228.5,164,1,0,88,11
229.0,183,1,0,88,11
229.5,221,1,0,88,11
230.0,174,1,0,88,11
230.5,163,1,0,88,11
231.0,162,1,0,88,11
231.5,178,1,0,88,11
232.0,168,1,0,88,11
232.5,195,1,0,88,11
233.0,190,1,0,88,11
233.5,146,1,0,88,11
234.0,172,1,0,88,11
234.5,189,1,0,88,11
235.0,174,1,0,87,12
235.5,186,1,0,87,12
236.0,188,1,0,87,12
236.5,152,1,0,87,12
237.0,163,1,0,87,12
237.5,191,1,0,87,12
238.0,187,1,0,87,12
238.5,180,1,0,87,12
239.0,169,1,0,87,12
239.5,169,1,0,87,12
240.0,187,1,0,87,12
240.5,170,1,0,87,12
241.0,181,1,0,87,12
241.5,178,1,0,87,12
242.0,170,1,0,87,12
242.5,220,1,0,87,12
243.0,175,1,0,86,13
243.5,174,1,0,86,13
244.0,195,1,0,86,13
244.5,175,1,0,86,13
245.0,189,1,0,86,13
245.5,180,1,0,86,13
246.0,191,1,0,86,13
246.5,152,1,0,86,13
247.0,154,1,0,86,13
247.5,166,1,0,86,13
248.0,182,1,0,86,13
248.5,167,1,0,86,13
249.0,159,1,0,86,13
249.5,177,1,0,86,13
250.0,196,1,0,86,13
250.5,181,1,0,86,13
251.0,170,1,0,86,13
251.5,182,1,0,86,13
252.0,157,1,0,86,13
252.5,191,1,0,86,13
253.0,183,1,0,86,13
253.5,173,1,0,86,13
254.0,148,1,0,86,13
254.5,189,1,0,86,13
255.0,160,1,0,86,13
255.5,191,1,0,86,13
256.0,191,1,0,86,13
256.5,189,1,0,86,13
257.0,185,1,0,86,13
257.5,183,1,0,86,13
258.0,181,1,0,86,13
258.5,156,1,0,86,13
259.0,205,1,0,86,13
259.5,188,1,0,86,13
260.0,181,1,0,86,13
260.5,142,1,0,86,13
261.0,162,1,0,86,13
261.5,170,1,0,86,13
262.0,181,1,0,86,13
262.5,162,1,0,86,13
263.0,201,1,0,86,13
263.5,157,1,0,86,13
264.0,159,1,0,86,13
264.5,191,1,0,86,13
265.0,136,1,0,86,13
265.5,195,1,0,86,13
266.0,160,1,0,86,13
266.5,172,1,0,86,13
267.0,136,1,0,86,13
267.5,153,1,0,86,13
268.0,144,1,0,86,13
268.5,157,1,0,86,13
269.0,167,1,0,86,13
269.5,185,1,0,86,13
270.0,144,1,0,86,13
270.5,164,1,0,86,13
271.0,187,1,0,86,13
271.5,159,1,0,86,13
272.0,182,1,0,86,13
272.5,164,1,0,86,13
273.0,203,1,0,86,13
273.5,195,1,0,86,13
274.0,166,1,0,86,13
274.5,159,1,0,86,13
275.0,151,1,0,86,13
275.5,175,1,0,86,13
276.0,200,1,0,86,13
276.5,156,1,0,86,13
277.0,187,1,0,86,13
277.5,182,1,0,86,13
278.0,192,1,0,86,13
278.5,158,1,0,86,13
279.0,186,1,0,86,13
279.5,183,1,0,86,13
280.0,146,1,0,86,13
280.5,186,1,0,86,13
281.0,200,1,0,86,13
281.5,184,1,0,86,13
282.0,178,1,0,86,13
282.5,182,1,0,86,13
283.0,177,1,0,86,13
283.5,164,1,0,86,13
284.0,177,1,0,86,13
284.5,177,1,0,86,13
285.0,177,1,0,86,13
285.5,166,1,0,86,13
286.0,168,1,0,86,13
286.5,175,1,0,86,13
287.0,186,1,0,86,13
287.5,169,1,0,86,13
288.0,158,1,0,86,13
288.5,168,1,0,86,13
289.0,167,1,0,86,13
289.5,183,1,0,86,13
290.0,173,1,0,86,13
290.5,182,1,0,86,13
291.0,171,1,0,86,13
291.5,196,1,0,86,13
292.0,197,1,0,86,13
292.5,167,1,0,86,13
293.0,185,1,0,86,13
293.5,180,1,0,86,13
294.0,181,1,0,86,13
294.5,175,1,0,86,13
295.0,171,1,0,86,13
295.5,162,1,0,86,13
296.0,148,1,0,86,13
296.5,179,1,0,86,13
297.0,179,1,0,86,13
297.5,212,1,0,86,13
298.0,167,1,0,86,13
298.5,151,1,0,86,13
299.0,155,1,0,86,13
299.5,165,1,0,86,13
300.0,171,1,0,86,13
300.5,185,1,0,86,13
301.0,167,1,0,86,13
301.5,174,1,0,86,13
302.0,168,1,0,86,13
302.5,191,1,0,86,13
303.0,181,1,0,86,13
303.5,166,1,0,86,13
304.0,180,1,0,86,13
304.5,159,1,0,86,13
305.0,168,1,0,86,13
305.5,193,1,0,86,13
306.0,182,1,0,86,13
306.5,162,1,0,86,13
307.0,203,1,0,86,13
307.5,207,1,0,86,13
308.0,160,1,0,86,13
308.5,154,1,0,86,13
309.0,181,1,0,86,13
309.5,171,1,0,86,13
310.0,155,1,0,86,13
310.5,200,1,0,86,13
311.0,169,1,0,86,13
311.5,175,1,0,86,13
312.0,177,1,0,86,13
312.5,163,1,0,86,13
313.0,187,1,0,86,13
313.5,177,1,0,86,13
314.0,147,1,0,86,13
314.5,202,1,0,86,13
315.0,173,1,0,86,13
315.5,170,1,0,86,13
316.0,154,1,0,86,13
316.5,178,1,0,86,13
317.0,175,1,0,85,14
317.5,149,1,0,85,14
318.0,202,1,0,85,14
318.5,176,1,0,85,14
319.0,154,1,0,85,14
319.5,171,1,0,85,14
320.0,203,1,0,85,14
320.5,213,1,0,85,14
321.0,166,1,0,85,14
321.5,174,1,0,85,14
322.0,188,1,0,85,14
322.5,152,1,0,85,14
323.0,148,1,0,85,14
323.5,186,1,0,85,14
324.0,152,1,0,85,14
324.5,169,1,0,85,14
325.0,169,1,0,85,14
325.5,165,1,0,85,14
326.0,186,1,0,85,14
326.5,185,1,0,85,14
327.0,193,1,0,85,14
327.5,198,1,0,85,14
328.0,165,1,0,85,14
328.5,151,1,0,85,14
329.0,136,1,0,85,14
329.5,193,1,0,85,14
330.0,167,1,0,85,14
330.5,164,1,0,85,14
331.0,173,1,0,85,14
331.5,165,1,0,85,14
332.0,192,1,0,85,14
332.5,150,1,0,85,14
333.0,187,1,0,85,14
333.5,178,1,0,85,14
334.0,163,1,0,85,14
334.5,189,1,0,85,14
335.0,191,1,0,85,14
335.5,144,1,0,85,14
336.0,210,1,0,85,14
336.5,175,1,0,85,14
337.0,180,1,0,85,14
337.5,205,1,0,85,14
338.0,155,1,0,85,14
338.5,171,1,0,85,14
339.0,183,1,0,85,14
339.5,174,1,0,85,14
340.0,187,1,0,85,14
340.5,151,1,0,85,14
341.0,171,1,0,85,14
341.5,152,1,0,85,14
342.0,200,1,0,85,14
342.5,166,1,0,85,14
343.0,187,1,0,85,14
343.5,161,1,0,85,14
344.0,200,1,0,85,14
344.5,172,1,0,85,14
345.0,167,1,0,85,14
345.5,195,1,0,85,14
346.0,171,1,0,85,14
346.5,160,1,0,85,14
347.0,155,1,0,85,14
347.5,186,1,0,85,14
348.0,173,1,0,85,14
348.5,154,1,0,85,14
349.0,157,1,0,85,14
349.5,178,1,0,85,14
350.0,174,1,0,85,14
350.5,165,1,0,85,14
351.0,153,1,0,85,14
351.5,165,1,0,85,14
352.0,154,1,0,85,14
352.5,195,1,0,85,14
353.0,145,1,0,85,14
353.5,197,1,0,85,14
354.0,137,1,0,85,14
354.5,159,1,0,85,14
355.0,171,1,0,85,14
355.5,141,1,0,85,14
356.0,146,1,0,85,14
356.5,149,1,0,85,14
357.0,151,1,0,85,14
357.5,197,1,0,85,14
358.0,177,1,0,85,14
358.5,144,1,0,85,14
359.0,180,1,0,85,14
359.5,173,1,0,85,14
360.0,140,1,0,85,14
360.5,178,1,0,84,15
361.0,173,1,0,84,15
361.5,150,1,0,84,15
362.0,168,1,0,84,15
362.5,204,1,0,84,15
363.0,176,1,0,84,15
363.5,142,1,0,84,15
364.0,175,1,0,84,15
364.5,164,1,0,84,15
365.0,129,1,0,84,15
365.5,164,1,0,84,15
366.0,198,1,0,84,15
366.5,184,1,0,84,15
367.0,168,1,0,84,15
367.5,186,1,0,84,15
368.0,146,1,0,84,15
368.5,179,1,0,84,15
369.0,167,1,0,84,15
369.5,180,1,0,84,15
370.0,203,1,0,84,15
370.5,179,1,0,84,15
371.0,210,1,0,84,15
371.5,173,1,0,84,15
372.0,155,1,0,83,16
372.5,155,1,0,83,16
373.0,156,1,0,83,16
373.5,169,1,0,83,16
374.0,185,1,0,82,17
374.5,180,1,0,82,17
375.0,197,1,0,82,17
375.5,172,1,0,82,17
376.0,165,1,0,82,17
376.5,169,1,0,82,17
377.0,179,1,0,82,17
377.5,200,1,0,82,17
378.0,155,1,0,82,17
378.5,147,1,0,82,17
379.0,164,1,0,82,17
379.5,167,1,0,82,17
380.0,146,1,0,82,17
380.5,188,1,0,82,17
381.0,173,1,0,82,17
381.5,175,1,0,82,17
382.0,148,1,0,82,17
382.5,175,1,0,82,17
383.0,164,1,0,82,17
383.5,138,1,0,82,17
384.0,149,1,0,82,17
384.5,160,1,0,82,17
385.0,166,1,0,82,17
385.5,163,1,0,82,17
386.0,176,1,0,82,17
386.5,185,1,0,82,17
387.0,150,1,0,82,17
387.5,180,1,0,82,17
388.0,141,1,0,82,17
388.5,173,1,0,82,17
389.0,173,1,0,82,17
389.5,167,1,0,82,17
390.0,139,1,0,82,17
390.5,190,1,0,82,17
391.0,160,1,0,82,17
391.5,158,1,0,82,17
392.0,163,1,0,82,17
392.5,171,1,0,82,17
393.0,142,1,0,82,17
393.5,173,1,0,82,17
394.0,177,1,0,82,17
394.5,156,1,0,82,17
395.0,152,1,0,82,17
395.5,155,1,0,82,17
396.0,154,1,0,82,17
396.5,177,1,0,82,17
397.0,197,1,0,82,17
397.5,143,1,0,82,17
398.0,157,1,0,82,17
398.5,147,1,0,81,18
399.0,168,1,0,81,18
399.5,159,1,0,81,18
400.0,180,1,0,81,18
400.5,186,1,0,81,18
401.0,136,1,0,81,18
401.5,144,1,0,81,18
402.0,126,1,0,81,18
402.5,161,1,0,81,18
403.0,151,1,0,81,18
403.5,181,1,0,81,18
404.0,187,1,0,81,18
404.5,218,1,0,81,18
405.0,157,1,0,81,18
405.5,184,1,0,81,18
406.0,157,1,0,81,18
406.5,149,1,0,81,18
407.0,164,1,0,81,18
407.5,185,1,0,81,18
408.0,158,1,0,81,18
408.5,142,1,0,81,18
409.0,166,1,0,81,18
409.5,163,1,0,81,18
410.0,176,1,0,81,18
410.5,183,1,0,81,18
411.0,165,1,0,81,18
411.5,172,1,0,81,18
412.0,141,1,0,81,18
412.5,160,1,0,81,18
413.0,146,1,0,81,18
413.5,177,1,0,81,18
414.0,169,1,0,81,18
414.5,147,1,0,81,18
415.0,160,1,0,81,18
415.5,185,1,0,81,18
416.0,139,1,0,81,18
416.5,145,1,0,81,18
417.0,158,1,0,81,18
417.5,177,1,0,81,18
418.0,156,1,0,81,18
418.5,147,1,0,81,18
419.0,157,1,0,81,18
419.5,179,1,0,81,18
420.0,159,1,0,81,18
420.5,162,1,0,81,18
421.0,157,1,0,81,18
421.5,180,1,0,81,18
422.0,176,1,0,81,18
422.5,149,1,0,81,18
423.0,176,1,0,81,18
423.5,156,1,0,81,18
424.0,143,1,0,81,18
424.5,150,1,0,81,18
425.0,192,1,0,81,18
425.5,153,1,0,81,18
426.0,183,1,0,81,18
426.5,179,1,0,81,18
427.0,186,1,0,81,18
427.5,147,1,0,81,18
428.0,180,1,0,81,18
428.5,148,1,0,81,18
429.0,189,1,0,81,18
429.5,190,1,0,81,18
430.0,162,1,0,80,19
430.5,166,1,0,80,19
431.0,166,1,0,80,19
431.5,174,1,0,80,19
432.0,192,1,0,80,19
432.5,180,1,0,80,19
433.0,190,1,0,80,19
433.5,161,1,0,80,19
434.0,167,1,0,80,19
434.5,180,1,0,80,19
435.0,180,1,0,80,19
435.5,155,1,0,80,19
436.0,150,1,0,80,19
436.5,149,1,0,80,19
437.0,141,1,0,80,19
437.5,147,1,0,80,19
438.0,171,1,0,80,19
438.5,181,1,0,80,19
439.0,165,1,0,80,19
439.5,180,1,0,80,19
440.0,157,1,0,80,19
440.5,130,1,0,80,19
441.0,149,1,0,80,19
441.5,164,1,0,80,19
442.0,177,1,0,80,19
442.5,170,1,0,80,19
443.0,168,1,0,80,19
443.5,142,1,0,80,19
444.0,188,1,0,80,19
444.5,157,1,0,80,19
445.0,156,1,0,80,19
445.5,170,1,0,80,19
446.0,160,1,0,80,19
446.5,162,1,0,80,19
447.0,130,1,0,80,19
447.5,176,1,0,80,19
448.0,164,1,0,80,19
448.5,166,1,0,80,19
449.0,180,1,0,80,19
449.5,166,1,0,80,19
450.0,159,1,0,80,19
450.5,174,1,0,80,19
451.0,173,1,0,80,19
451.5,180,1,0,80,19
452.0,216,1,0,80,19
452.5,175,1,0,80,19
453.0,185,1,0,80,19
453.5,168,1,0,80,19
454.0,237,1,0,80,19
454.5,187,1,0,80,19
455.0,174,1,0,80,19
455.5,139,1,0,80,19
456.0,164,1,0,80,19
456.5,129,1,0,80,19
457.0,179,1,0,80,19
457.5,163,1,0,80,19
458.0,156,1,0,80,19
458.5,135,1,0,80,19
459.0,154,1,0,80,19
459.5,168,1,0,80,19
460.0,138,1,0,80,19
460.5,161,1,0,80,19
461.0,173,1,0,80,19
461.5,120,1,0,80,19
462.0,127,1,0,80,19
462.5,153,1,0,80,19
463.0,153,1,0,80,19
463.5,143,1,0,80,19
464.0,160,1,0,80,19
464.5,175,1,0,80,19
465.0,153,1,0,80,19
465.5,156,1,0,80,19
466.0,147,1,0,80,19
466.5,189,1,0,80,19
467.0,156,1,0,80,19
467.5,181,1,0,80,19
468.0,166,1,0,80,19
468.5,124,1,0,80,19
469.0,156,1,0,80,19
469.5,145,1,0,80,19
470.0,148,1,0,80,19
470.5,200,1,0,80,19
471.0,159,1,0,80,19
471.5,142,1,0,80,19
472.0,151,1,0,79,20
472.5,153,1,0,79,20
473.0,190,1,0,79,20
473.5,180,1,0,79,20
474.0,149,1,0,79,20
474.5,167,1,0,79,20
475.0,161,1,0,79,20
475.5,134,1,0,79,20
476.0,174,1,0,79,20
476.5,160,1,0,79,20
477.0,205,1,0,79,20
477.5,149,1,0,79,20
478.0,163,1,0,79,20
478.5,128,1,0,79,20
479.0,157,1,0,79,20
479.5,167,1,0,78,21
480.0,182,1,0,78,21
480.5,153,1,0,78,21
481.0,123,1,0,78,21
481.5,151,1,0,78,21
482.0,135,1,0,78,21
482.5,156,1,0,78,21
483.0,159,1,0,78,21
483.5,156,1,0,78,21
484.0,180,1,0,78,21
484.5,173,1,0,78,21
485.0,161,1,0,78,21
485.5,161,1,0,78,21
486.0,168,1,0,78,21
486.5,182,1,0,78,21
487.0,182,1,0,78,21
487.5,156,1,0,78,21
488.0,156,1,0,78,21
488.5,167,1,0,78,21
489.0,137,1,0,78,21
489.5,150,1,0,78,21
490.0,162,1,0,78,21
490.5,182,1,0,78,21
491.0,213,1,0,77,22
491.5,136,1,0,77,22
492.0,165,1,0,77,22
492.5,164,1,0,77,22
493.0,162,1,0,77,22
493.5,145,1,0,77,22
494.0,137,1,0,77,22
494.5,138,1,0,77,22
495.0,168,1,0,77,22
495.5,152,1,0,77,22
496.0,179,1,0,77,22
496.5,154,1,0,77,22
497.0,138,1,0,77,22
497.5,147,1,0,77,22
498.0,145,1,0,77,22
498.5,154,1,0,77,22
499.0,145,1,0,77,22
499.5,160,1,0,77,22
500.0,168,1,0,77,22
500.5,147,1,0,77,22
501.0,174,1,0,77,22
501.5,161,1,0,77,22
502.0,157,1,0,77,22
502.5,173,1,0,77,22
503.0,160,1,0,77,22
503.5,128,1,0,77,22
504.0,134,1,0,77,22
504.5,158,1,0,77,22
505.0,165,1,0,77,22
505.5,159,1,0,77,22
506.0,159,1,0,77,22
506.5,181,1,0,77,22
507.0,173,1,0,77,22
507.5,156,1,0,77,22
508.0,158,1,0,77,22
508.5,159,1,0,77,22
509.0,161,1,0,77,22
509.5,163,1,0,77,22
510.0,138,1,0,77,22
510.5,142,1,0,77,22
511.0,131,1,0,77,22
511.5,167,1,0,77,22
512.0,180,1,0,77,22
512.5,153,1,0,77,22
513.0,187,1,0,77,22
513.5,147,1,0,77,22
514.0,169,1,0,77,22
514.5,172,1,0,77,22
515.0,161,1,0,77,22
515.5,170,1,0,77,22
516.0,148,1,0,77,22
516.5,151,1,0,77,22
517.0,166,1,0,77,22
517.5,185,1,0,77,22
518.0,142,1,0,77,22
518.5,170,1,0,77,22
519.0,153,1,0,77,22
519.5,152,1,0,77,22
520.0,198,1,0,76,23
520.5,162,1,0,76,23
521.0,167,1,0,76,23
521.5,137,1,0,76,23
522.0,168,1,0,76,23
522.5,171,1,0,76,23
523.0,162,1,0,76,23
523.5,154,1,0,76,23
524.0,160,1,0,76,23
524.5,168,1,0,76,23
525.0,181,1,0,76,23
525.5,167,1,0,76,23
526.0,156,1,0,76,23
526.5,154,1,0,76,23
527.0,159,1,0,76,23
527.5,169,1,0,75,24
528.0,134,1,0,75,24
528.5,160,1,0,75,24
529.0,157,1,0,75,24
529.5,167,1,0,75,24
530.0,137,1,0,75,24
530.5,171,1,0,75,24
531.0,146,1,0,75,24
531.5,156,1,0,75,24
532.0,162,1,0,75,24
532.5,201,1,0,75,24
533.0,144,1,0,75,24
533.5,152,1,0,75,24
534.0,173,1,0,75,24
534.5,141,1,0,75,24
535.0,171,1,0,75,24
535.5,149,1,0,75,24
536.0,145,1,0,75,24
536.5,188,1,0,75,24
537.0,131,1,0,75,24
537.5,132,1,0,75,24
538.0,155,1,0,75,24
538.5,165,1,0,75,24
539.0,142,1,0,75,24
539.5,139,1,0,75,24
540.0,151,1,0,75,24
540.5,125,1,0,75,24
541.0,165,1,0,75,24
541.5,154,1,0,75,24
542.0,144,1,0,75,24
542.5,151,1,0,75,24
543.0,145,1,0,75,24
543.5,148,1,0,75,24
544.0,164,1,0,75,24
544.5,140,1,0,75,24
545.0,143,1,0,75,24
545.5,148,1,0,75,24
546.0,148,1,0,75,24
546.5,136,1,0,75,24
547.0,154,1,0,75,24
547.5,157,1,0,75,24
548.0,154,1,0,75,24
548.5,138,1,0,75,24
549.0,138,1,0,75,24
549.5,142,1,0,75,24
550.0,129,1,0,75,24
550.5,184,1,0,75,24
551.0,165,1,0,75,24
551.5,171,1,0,75,24
552.0,143,1,0,75,24
552.5,138,1,0,75,24
553.0,177,1,0,75,24
553.5,135,1,0,75,24
554.0,164,1,0,75,24
554.5,148,1,0,75,24
555.0,110,1,0,75,24
555.5,135,1,0,75,24
556.0,154,1,0,75,24
556.5,189,1,0,75,24
557.0,162,1,0,75,24
557.5,134,1,0,75,24
558.0,179,1,0,75,24
558.5,150,1,0,75,24
559.0,150,1,0,74,25
559.5,133,1,0,74,25
560.0,166,1,0,74,25
560.5,163,1,0,74,25
561.0,153,1,0,74,25
561.5,150,1,0,74,25
562.0,148,1,0,74,25
562.5,160,1,0,74,25
563.0,171,1,0,74,25
563.5,182,1,0,74,25
564.0,138,1,0,74,25
564.5,163,1,0,74,25
565.0,145,1,0,74,25
565.5,160,1,0,74,25
566.0,160,1,0,74,25
566.5,145,1,0,74,25
567.0,180,1,0,74,25
567.5,165,1,0,74,25
568.0,168,1,0,73,26
568.5,144,1,0,73,26
569.0,133,1,0,73,26
569.5,141,1,0,73,26
570.0,147,1,0,73,26
570.5,175,1,0,73,26
571.0,153,1,0,73,26
571.5,137,1,0,73,26
572.0,138,1,0,73,26
572.5,168,1,0,73,26
573.0,147,1,0,73,26
573.5,159,1,0,73,26
574.0,145,1,0,73,26
574.5,129,1,0,73,26
575.0,152,1,0,73,26
575.5,131,1,0,73,26
576.0,155,1,0,73,26
576.5,169,1,0,73,26
577.0,191,1,0,73,26
577.5,180,1,0,73,26
578.0,128,1,0,73,26
578.5,164,1,0,73,26
579.0,168,1,0,73,26
579.5,144,1,0,73,26
580.0,156,1,0,73,26
580.5,173,1,0,73,26
581.0,107,1,0,73,26
581.5,148,1,0,73,26
582.0,147,1,0,73,26
582.5,143,1,0,73,26
583.0,143,1,0,73,26
583.5,137,1,0,72,27
584.0,142,1,0,72,27
584.5,146,1,0,72,27
585.0,171,1,0,72,27
585.5,168,1,0,72,27
586.0,142,1,0,72,27
586.5,157,1,0,72,27
587.0,161,1,0,72,27
587.5,101,1,0,72,27
588.0,180,1,0,72,27
588.5,141,1,0,72,27
589.0,165,1,0,72,27
589.5,135,1,0,72,27
590.0,173,1,0,72,27
590.5,123,1,0,72,27
591.0,138,1,0,72,27
591.5,146,1,0,72,27
592.0,159,1,0,72,27
592.5,153,1,0,72,27
593.0,150,1,0,72,27
593.5,142,1,0,72,27
594.0,173,1,0,72,27
594.5,175,1,0,72,27
595.0,135,1,0,72,27
595.5,159,1,0,72,27
596.0,130,1,0,72,27
596.5,162,1,0,72,27
597.0,154,1,0,72,27
597.5,134,1,0,72,27
598.0,127,1,0,72,27
598.5,150,1,0,72,27
599.0,159,1,0,72,27
599.5,168,1,0,72,27
600.0,144,1,0,72,27
600.5,139,1,0,72,27
601.0,133,1,0,72,27
601.5,147,1,0,72,27
602.0,151,1,0,72,27
602.5,162,1,0,72,27
603.0,155,1,0,72,27
603.5,149,1,0,72,27
604.0,139,1,0,72,27
604.5,157,1,0,72,27
605.0,147,1,0,72,27
605.5,150,1,0,72,27
606.0,134,1,0,72,27
606.5,134,1,0,72,27
607.0,157,1,0,72,27
607.5,148,1,0,72,27
608.0,139,1,0,72,27
608.5,159,1,0,72,27
609.0,124,1,0,72,27
609.5,149,1,0,72,27
610.0,161,1,0,72,27
610.5,138,1,0,72,27
611.0,186,1,0,72,27
611.5,124,1,0,72,27
612.0,141,1,0,72,27
612.5,129,1,0,72,27
613.0,158,1,0,72,27
613.5,153,1,0,72,27
614.0,169,1,0,72,27
614.5,145,1,0,72,27
615.0,147,1,0,72,27
615.5,152,1,0,72,27
616.0,152,1,0,72,27
616.5,132,1,0,72,27
617.0,157,1,0,72,27
617.5,128,1,0,72,27
618.0,157,1,0,71,28
618.5,156,1,0,71,28
619.0,153,1,0,71,28
619.5,159,1,0,71,28
620.0,157,1,0,71,28
620.5,148,1,0,71,28
621.0,129,1,0,71,28
621.5,113,1,0,71,28
622.0,160,1,0,71,28
622.5,136,1,0,71,28
623.0,170,1,0,71,28
623.5,165,1,0,71,28
624.0,178,1,0,71,28
624.5,154,1,0,71,28
625.0,143,1,0,71,28
625.5,132,1,0,71,28
626.0,140,1,0,71,28
626.5,150,1,0,71,28
627.0,177,1,0,71,28
627.5,121,1,0,71,28
628.0,146,1,0,71,28
628.5,159,1,0,71,28
629.0,112,1,0,71,28
629.5,150,1,0,71,28
630.0,123,1,0,71,28
630.5,170,1,0,71,28
631.0,103,1,0,71,28
631.5,149,1,0,71,28
632.0,145,1,0,71,28
632.5,162,1,0,71,28
633.0,156,1,0,71,28
633.5,144,1,0,71,28
634.0,160,1,0,71,28
634.5,143,1,0,71,28
635.0,174,1,0,71,28
635.5,139,1,0,71,28
636.0,147,1,0,71,28
636.5,135,1,0,71,28
637.0,169,1,0,71,28
637.5,144,1,0,71,28
638.0,157,1,0,71,28
638.5,135,1,0,71,28
639.0,161,1,0,71,28
639.5,173,1,0,71,28
640.0,144,1,0,71,28
640.5,142,1,0,71,28
641.0,137,1,0,71,28
641.5,166,1,0,71,28
642.0,137,1,0,71,28
642.5,126,1,0,71,28
643.0,110,1,0,71,28
643.5,133,1,0,71,28
644.0,143,1,0,71,28
644.5,158,1,0,71,28
645.0,142,1,0,71,28
645.5,129,1,0,71,28
646.0,158,1,0,71,28
646.5,145,1,0,71,28
647.0,162,1,0,71,28
647.5,189,1,0,71,28
648.0,136,1,0,71,28
648.5,148,1,0,71,28
649.0,139,1,0,71,28
649.5,131,1,0,71,28
650.0,125,1,0,71,28
650.5,146,1,0,71,28
651.0,140,1,0,71,28
651.5,169,1,0,71,28
652.0,137,1,0,71,28
652.5,163,1,0,71,28
653.0,112,1,0,71,28
653.5,162,1,0,71,28
654.0,157,1,0,71,28
654.5,136,1,0,71,28
655.0,120,1,0,71,28
655.5,132,1,0,71,28
656.0,118,1,0,71,28
656.5,150,1,0,71,28
657.0,151,1,0,71,28
657.5,130,1,0,71,28
658.0,137,1,0,71,28
658.5,166,1,0,71,28
659.0,165,1,0,71,28
659.5,134,1,0,71,28
660.0,168,1,0,71,28
660.5,147,1,0,71,28
661.0,113,1,0,71,28
661.5,150,1,0,71,28
662.0,132,1,0,71,28
662.5,156,1,0,71,28
663.0,130,1,0,71,28
663.5,135,1,0,71,28
664.0,132,1,0,71,28
664.5,150,1,0,71,28
665.0,149,1,0,71,28
665.5,151,1,0,71,28
666.0,157,1,0,71,28
666.5,155,1,0,71,28
667.0,151,1,0,71,28
667.5,120,1,0,71,28
668.0,153,1,0,71,28
668.5,135,1,0,71,28
669.0,164,1,0,71,28
669.5,156,1,0,71,28
670.0,168,1,0,71,28
670.5,124,1,0,71,28
671.0,117,1,0,71,28
671.5,141,1,0,71,28
672.0,163,1,0,71,28
672.5,144,1,0,71,28
673.0,150,1,0,71,28
673.5,129,1,0,71,28
674.0,143,1,0,71,28
674.5,130,1,0,71,28
675.0,143,1,0,71,28
675.5,122,1,0,71,28
676.0,137,1,0,71,28
676.5,141,1,0,71,28
677.0,153,1,0,71,28
677.5,173,1,0,71,28
678.0,139,1,0,71,28
678.5,107,1,0,71,28
679.0,182,1,0,71,28
679.5,165,1,0,71,28
680.0,143,1,0,71,28
680.5,145,1,0,71,28
681.0,134,1,0,71,28
681.5,171,1,0,71,28
682.0,124,1,0,71,28
682.5,117,1,0,71,28
683.0,143,1,0,71,28
683.5,127,1,0,71,28
684.0,143,1,0,71,28
684.5,145,1,0,71,28
685.0,139,1,0,71,28
685.5,157,1,0,71,28
686.0,151,1,0,71,28
686.5,114,1,0,71,28
687.0,150,1,0,71,28
687.5,153,1,0,71,28
688.0,164,1,0,71,28
688.5,134,1,0,71,28
689.0,139,1,0,71,28
689.5,160,1,0,71,28
690.0,173,1,0,71,28
690.5,149,1,0,71,28
691.0,124,1,0,71,28
691.5,134,1,0,71,28
692.0,163,1,0,71,28
692.5,141,1,0,71,28
693.0,127,1,0,71,28
693.5,167,1,0,71,28
694.0,129,1,0,71,28
694.5,141,1,0,71,28
695.0,128,1,0,71,28
695.5,149,1,0,71,28
696.0,144,1,0,71,28
696.5,147,1,0,71,28
697.0,133,1,0,71,28
697.5,152,1,0,71,28
698.0,142,1,0,71,28
698.5,143,1,0,71,28
699.0,189,1,0,71,28
699.5,134,1,0,71,28
700.0,147,1,0,71,28
700.5,147,1,0,71,28
701.0,130,1,0,71,28
701.5,141,1,0,71,28
702.0,138,1,0,71,28
702.5,142,1,0,71,28
703.0,122,1,0,71,28
703.5,139,1,0,71,28
704.0,138,1,0,71,28
704.5,155,1,0,71,28
705.0,137,1,0,71,28
705.5,134,1,0,71,28
706.0,154,1,0,71,28
706.5,134,1,0,71,28
707.0,164,1,0,71,28
707.5,153,1,0,71,28
708.0,150,1,0,71,28
708.5,128,1,0,71,28
709.0,154,1,0,71,28
709.5,109,1,0,71,28
710.0,138,1,0,71,28
710.5,120,1,0,71,28
711.0,166,1,0,71,28
711.5,168,1,0,71,28
712.0,143,1,0,71,28
712.5,156,1,0,71,28
713.0,147,1,0,71,28
713.5,146,1,0,71,28
714.0,149,1,0,71,28
714.5,141,1,0,71,28
715.0,140,1,0,71,28
715.5,147,1,0,71,28
716.0,148,1,0,71,28
716.5,128,1,0,71,28
717.0,181,1,0,71,28
717.5,130,1,0,71,28
718.0,127,1,0,71,28
718.5,147,1,0,71,28
719.0,134,1,0,71,28
719.5,137,1,0,71,28
720.0,150,1,0,71,28
720.5,158,1,0,71,28
721.0,143,1,0,71,28
721.5,133,1,0,71,28
722.0,160,1,0,71,28
722.5,172,1,0,71,28
723.0,184,1,0,71,28
723.5,131,1,0,71,28
724.0,147,1,0,71,28
724.5,138,1,0,71,28
725.0,141,1,0,71,28
725.5,151,1,0,71,28
726.0,173,1,0,71,28
726.5,148,1,0,71,28
727.0,181,1,0,71,28
727.5,171,1,0,70,29
728.0,146,1,0,70,29
728.5,131,1,0,70,29
729.0,137,1,0,70,29
729.5,131,1,0,70,29
730.0,174,1,0,70,29
730.5,136,1,0,70,29
731.0,143,1,0,70,29
731.5,140,1,0,70,29
732.0,151,1,0,70,29
732.5,146,1,0,70,29
733.0,168,1,0,70,29
733.5,122,1,0,70,29
734.0,147,1,0,70,29
734.5,111,1,0,70,29
735.0,146,1,0,70,29
735.5,135,1,0,70,29
736.0,147,1,0,70,29
736.5,166,1,0,70,29
737.0,154,1,0,70,29
737.5,136,1,0,70,29
738.0,150,1,0,70,29
738.5,103,1,0,70,29
739.0,163,1,0,70,29
739.5,133,1,0,70,29
740.0,157,1,0,70,29
740.5,115,1,0,70,29
741.0,154,1,0,70,29
741.5,156,1,0,70,29
742.0,149,1,0,70,29
742.5,124,1,0,70,29
743.0,153,1,0,70,29
743.5,130,1,0,70,29
744.0,137,1,0,70,29
744.5,133,1,0,70,29
745.0,140,1,0,70,29
745.5,125,1,0,70,29
746.0,141,1,0,70,29
746.5,156,1,0,70,29
747.0,167,1,0,70,29
747.5,140,1,0,70,29
748.0,134,1,0,70,29
748.5,132,1,0,70,29
749.0,149,1,0,70,29
749.5,131,1,0,70,29
750.0,128,1,0,70,29
750.5,158,1,0,70,29
751.0,131,1,0,70,29
751.5,128,1,0,70,29
752.0,144,1,0,70,29
752.5,105,1,0,70,29
753.0,146,1,0,70,29
753.5,124,1,0,70,29
754.0,177,1,0,70,29
754.5,122,1,0,70,29
755.0,151,1,0,70,29
755.5,150,1,0,70,29
756.0,139,1,0,70,29
756.5,133,1,0,70,29
757.0,159,1,0,70,29
757.5,127,1,0,70,29
758.0,143,1,0,70,29
758.5,174,1,0,70,29
759.0,118,1,0,70,29
759.5,129,1,0,70,29
760.0,127,1,0,70,29
760.5,118,1,0,70,29
761.0,148,1,0,69,30
761.5,142,1,0,69,30
762.0,109,1,0,69,30
762.5,132,1,0,69,30
763.0,137,1,0,69,30
763.5,148,1,0,69,30
764.0,114,1,0,69,30
764.5,171,1,0,68,31
765.0,156,1,0,68,31
765.5,109,1,0,68,31
766.0,143,1,0,68,31
766.5,146,1,0,68,31
767.0,120,1,0,68,31
767.5,116,1,0,68,31
768.0,119,1,0,68,31
768.5,140,1,0,68,31
769.0,187,1,0,68,31
769.5,148,1,0,68,31
770.0,150,1,0,68,31
770.5,140,1,0,68,31
771.0,139,1,0,68,31
771.5,149,1,0,68,31
772.0,135,1,0,68,31
772.5,114,1,0,68,31
773.0,129,1,0,68,31
773.5,138,1,0,68,31
774.0,140,1,0,68,31
774.5,131,1,0,68,31
775.0,158,1,0,68,31
775.5,134,1,0,68,31
776.0,120,1,0,68,31
776.5,121,1,0,68,31
777.0,134,1,0,68,31
777.5,106,1,0,68,31
778.0,136,1,0,68,31
778.5,157,1,0,68,31
779.0,143,1,0,68,31
779.5,157,1,0,68,31
780.0,128,1,0,68,31
780.5,144,1,0,68,31
781.0,144,1,0,68,31
781.5,111,1,0,68,31
782.0,143,1,0,68,31
782.5,119,1,0,68,31
783.0,123,1,0,68,31
783.5,142,1,0,68,31
784.0,125,1,0,68,31
784.5,159,1,0,68,31
785.0,148,1,0,68,31
785.5,140,1,0,68,31
786.0,129,1,0,67,32
786.5,122,1,0,67,32
787.0,138,1,0,67,32
787.5,126,1,0,67,32
788.0,153,1,0,67,32
788.5,128,1,0,67,32
789.0,149,1,0,67,32
789.5,146,1,0,67,32
790.0,141,1,0,67,32
790.5,177,1,0,67,32
791.0,120,1,0,67,32
791.5,114,1,0,67,32
792.0,134,1,0,67,32
792.5,142,1,0,67,32
793.0,143,1,0,67,32
793.5,125,1,0,67,32
794.0,158,1,0,67,32
794.5,146,1,0,67,32
795.0,128,1,0,67,32
795.5,154,1,0,67,32
796.0,127,1,0,67,32
796.5,118,1,0,67,32
797.0,147,1,0,67,32
797.5,148,1,0,67,32
798.0,123,1,0,67,32
798.5,131,1,0,67,32
799.0,132,1,0,67,32
799.5,129,1,0,67,32
800.0,138,1,0,67,32
800.5,154,1,0,67,32
801.0,139,1,0,67,32
801.5,138,1,0,67,32
802.0,146,1,0,67,32
802.5,170,1,0,67,32
803.0,119,1,0,67,32
803.5,156,1,0,67,32
804.0,172,1,0,67,32
804.5,134,1,0,67,32
805.0,142,1,0,67,32
805.5,138,1,0,67,32
806.0,132,1,0,67,32
806.5,138,1,0,67,32
807.0,136,1,0,67,32
807.5,154,1,0,67,32
808.0,152,1,0,67,32
808.5,145,1,0,67,32
809.0,124,1,0,67,32
809.5,141,1,0,67,32
810.0,142,1,0,67,32
810.5,144,1,0,67,32
811.0,97,1,0,67,32
811.5,107,1,0,67,32
812.0,109,1,0,67,32
812.5,168,1,0,67,32
813.0,115,1,0,67,32
813.5,126,1,0,67,32
814.0,164,1,0,67,32
814.5,120,1,0,66,33
815.0,145,1,0,66,33
815.5,145,1,0,66,33
816.0,165,1,0,66,33
816.5,139,1,0,66,33
817.0,146,1,0,66,33
817.5,139,1,0,66,33
818.0,153,1,0,65,34
818.5,117,1,0,65,34
819.0,138,1,0,65,34
819.5,145,1,0,65,34
820.0,135,1,0,65,34
820.5,126,1,0,65,34
821.0,112,1,0,65,34
821.5,119,1,0,65,34
822.0,121,1,0,65,34
822.5,91,1,0,65,34
823.0,142,1,0,65,34
823.5,144,1,0,65,34
824.0,149,1,0,65,34
824.5,118,1,0,65,34
825.0,157,1,0,65,34
825.5,134,1,0,65,34
826.0,127,1,0,65,34
826.5,115,1,0,65,34
827.0,132,1,0,65,34
827.5,130,1,0,65,34
828.0,129,1,0,65,34
828.5,134,1,0,65,34
829.0,102,1,0,65,34
829.5,144,1,0,65,34
830.0,114,1,0,65,34
830.5,145,1,0,65,34
831.0,124,1,0,65,34
831.5,165,1,0,65,34
832.0,129,1,0,65,34
832.5,145,1,0,65,34
833.0,123,1,0,65,34
833.5,140,1,0,65,34
834.0,174,1,0,65,34
834.5,104,1,0,65,34
835.0,140,1,0,65,34
835.5,135,1,0,65,34
836.0,154,1,0,65,34
836.5,112,1,0,65,34
837.0,128,1,0,65,34
837.5,110,1,0,65,34
838.0,162,1,0,65,34
838.5,126,1,0,65,34
839.0,123,1,0,65,34
839.5,164,1,0,65,34
840.0,149,1,0,65,34
840.5,135,1,0,64,35
841.0,154,1,0,64,35
841.5,101,1,0,64,35
842.0,107,1,0,64,35
842.5,117,1,0,64,35
843.0,143,1,0,64,35
843.5,146,1,0,64,35
844.0,120,1,0,64,35
844.5,139,1,0,63,36
845.0,101,1,0,63,36
845.5,120,1,0,63,36
846.0,126,1,0,63,36
846.5,147,1,0,63,36
847.0,136,1,0,63,36
847.5,128,1,0,63,36
848.0,153,1,0,63,36
848.5,139,1,0,63,36
849.0,144,1,0,63,36
849.5,116,1,0,63,36
850.0,112,1,0,63,36
850.5,122,1,0,63,36
851.0,106,1,0,63,36
851.5,115,1,0,63,36
852.0,147,1,0,63,36
852.5,127,1,0,63,36
853.0,146,1,0,63,36
853.5,123,1,0,63,36
854.0,104,1,0,63,36
854.5,138,1,0,63,36
855.0,126,1,0,63,36
855.5,127,1,0,63,36
856.0,130,1,0,63,36
856.5,138,1,0,63,36
857.0,139,1,0,63,36
857.5,147,1,0,63,36
858.0,116,1,0,63,36
858.5,160,1,0,63,36
859.0,147,1,0,63,36
859.5,104,1,0,63,36
860.0,115,1,0,63,36
860.5,134,1,0,63,36
861.0,132,1,0,63,36
861.5,128,1,0,63,36
862.0,129,1,0,63,36
862.5,140,1,0,63,36
863.0,131,1,0,63,36
863.5,111,1,0,63,36
864.0,122,1,0,63,36
864.5,126,1,0,63,36
865.0,154,1,0,63,36
865.5,125,1,0,63,36
866.0,116,1,0,63,36
866.5,122,1,0,63,36
867.0,158,1,0,63,36
867.5,140,1,0,63,36
868.0,105,1,0,63,36
868.5,111,1,0,63,36
869.0,129,1,0,63,36
869.5,143,1,0,63,36
870.0,123,1,0,63,36
870.5,149,1,0,63,36
871.0,132,1,0,63,36
871.5,143,1,0,63,36
872.0,135,1,0,63,36
872.5,92,1,0,63,36
873.0,131,1,0,63,36
873.5,143,1,0,63,36
874.0,126,1,0,63,36
874.5,127,1,0,63,36
875.0,119,1,0,63,36
875.5,147,1,0,63,36
876.0,119,1,0,63,36
876.5,111,1,0,63,36
877.0,123,1,0,63,36
877.5,125,1,0,63,36
878.0,129,1,0,63,36
878.5,119,1,0,63,36
879.0,101,1,0,63,36
879.5,111,1,0,63,36
880.0,140,1,0,63,36
880.5,127,1,0,63,36
881.0,119,1,0,63,36
881.5,132,1,0,63,36
882.0,124,1,0,63,36
882.5,139,1,0,63,36
883.0,92,1,0,63,36
883.5,130,1,0,63,36
884.0,129,1,0,63,36
884.5,126,1,0,63,36
885.0,141,1,0,63,36
885.5,104,1,0,63,36
886.0,118,1,0,63,36
886.5,116,1,0,63,36
887.0,128,1,0,63,36
887.5,120,1,0,63,36
888.0,120,1,0,63,36
888.5,136,1,0,63,36
889.0,135,1,0,63,36
889.5,151,1,0,63,36
890.0,119,1,0,63,36
890.5,141,1,0,63,36
891.0,113,1,0,63,36
891.5,143,1,0,63,36
892.0,108,1,0,63,36
892.5,130,1,0,63,36
893.0,114,1,0,63,36
893.5,129,1,0,63,36
894.0,126,1,0,63,36
894.5,131,1,0,63,36
895.0,142,1,0,63,36
895.5,125,1,0,63,36
896.0,91,1,0,63,36
896.5,132,1,0,63,36
897.0,132,1,0,63,36
897.5,125,1,0,63,36
898.0,131,1,0,63,36
898.5,118,1,0,63,36
899.0,135,1,0,63,36
899.5,100,1,0,63,36
900.0,143,1,0,63,36
900.5,145,1,0,63,36
901.0,125,1,0,63,36
901.5,128,1,0,63,36
902.0,129,1,0,63,36
902.5,112,1,0,63,36
903.0,129,1,0,63,36
903.5,141,1,0,63,36
904.0,103,1,0,63,36
904.5,176,1,0,63,36
905.0,114,1,0,63,36
905.5,135,1,0,63,36
906.0,129,1,0,63,36
906.5,126,1,0,63,36
907.0,112,1,0,63,36
907.5,170,1,0,63,36
908.0,124,1,0,63,36
908.5,113,1,0,63,36
909.0,128,1,0,63,36
909.5,146,1,0,63,36
910.0,120,1,0,63,36
910.5,144,1,0,63,36
911.0,121,1,0,63,36
911.5,119,1,0,63,36
912.0,115,1,0,63,36
912.5,131,1,0,63,36
913.0,140,1,0,63,36
913.5,133,1,0,63,36
914.0,122,1,0,63,36
914.5,132,1,0,63,36
915.0,117,1,0,63,36
915.5,121,1,0,63,36
916.0,108,1,0,63,36
916.5,121,1,0,63,36
917.0,135,1,0,63,36
917.5,139,1,0,63,36
918.0,101,1,0,63,36
918.5,154,1,0,63,36
919.0,115,1,0,63,36
919.5,124,1,0,63,36
920.0,103,1,0,63,36
920.5,89,1,0,63,36
921.0,113,1,0,63,36
921.5,123,1,0,63,36
922.0,128,1,0,63,36
922.5,148,1,0,63,36
923.0,109,1,0,63,36
923.5,121,1,0,63,36
924.0,122,1,0,63,36
924.5,145,1,0,63,36
925.0,152,1,0,63,36
925.5,121,1,0,63,36
926.0,168,1,0,63,36
926.5,106,1,0,63,36
927.0,126,1,0,63,36
927.5,136,1,0,63,36
928.0,135,1,0,63,36
928.5,174,1,0,63,36
929.0,111,1,0,63,36
929.5,137,1,0,63,36
930.0,113,1,0,63,36
930.5,114,1,0,63,36
931.0,123,1,0,63,36
931.5,137,1,0,63,36
932.0,133,1,0,63,36
932.5,124,1,0,63,36
933.0,130,1,0,63,36
933.5,121,1,0,63,36
934.0,109,1,0,63,36
934.5,133,1,0,63,36
935.0,97,1,0,63,36
935.5,129,1,0,63,36
936.0,145,1,0,63,36
936.5,133,1,0,63,36
937.0,110,1,0,63,36
937.5,115,1,0,63,36
938.0,128,1,0,63,36
938.5,118,1,0,63,36
939.0,140,1,0,63,36
939.5,165,1,0,63,36
940.0,146,1,0,63,36
940.5,127,1,0,63,36
941.0,132,1,0,63,36
941.5,123,1,0,63,36
942.0,133,1,0,63,36
942.5,98,1,0,63,36
943.0,119,1,0,63,36
943.5,134,1,0,63,36
944.0,118,1,0,63,36
944.5,162,1,0,63,36
945.0,122,1,0,63,36
945.5,138,1,0,63,36
946.0,117,1,0,63,36
946.5,109,1,0,63,36
947.0,130,1,0,63,36
947.5,127,1,0,63,36
948.0,141,1,0,63,36
948.5,109,1,0,63,36
949.0,119,1,0,63,36
949.5,108,1,0,63,36
950.0,122,1,0,63,36
950.5,118,1,0,63,36
951.0,116,1,0,63,36
951.5,109,1,0,63,36
952.0,127,1,0,63,36
952.5,130,1,0,63,36
953.0,94,1,0,63,36
953.5,114,1,0,63,36
954.0,102,1,0,63,36
954.5,136,1,0,63,36
955.0,134,1,0,63,36
955.5,133,1,0,63,36
956.0,122,1,0,63,36
956.5,110,1,0,63,36
957.0,118,1,0,63,36
957.5,152,1,0,63,36
958.0,132,1,0,63,36
958.5,131,1,0,63,36
959.0,131,1,0,63,36
959.5,128,1,0,62,37
960.0,145,1,0,62,37
960.5,124,1,0,62,37
961.0,128,1,0,62,37
961.5,109,1,0,62,37
962.0,159,1,0,62,37
962.5,142,1,0,62,37
963.0,127,1,0,62,37
963.5,139,1,0,62,37
964.0,119,1,0,62,37
964.5,160,1,0,62,37
965.0,114,1,0,62,37
965.5,126,1,0,62,37
966.0,152,1,0,62,37
966.5,129,1,0,62,37
967.0,172,1,0,62,37
967.5,141,1,0,62,37
968.0,116,1,0,62,37
968.5,139,1,0,62,37
969.0,128,1,0,62,37
969.5,137,1,0,62,37
970.0,109,1,0,62,37
970.5,152,1,0,62,37
971.0,123,1,0,62,37
971.5,89,1,0,62,37
972.0,146,1,0,62,37
972.5,107,1,0,62,37
973.0,121,1,0,62,37
973.5,143,1,0,62,37
974.0,143,1,0,62,37
974.5,118,1,0,62,37
975.0,116,1,0,62,37
975.5,123,1,0,62,37
976.0,139,1,0,62,37
976.5,118,1,0,62,37
977.0,132,1,0,62,37
977.5,120,1,0,62,37
978.0,140,1,0,62,37
978.5,158,1,0,62,37
979.0,112,1,0,62,37
979.5,98,1,0,62,37
980.0,126,1,0,62,37
980.5,146,1,0,62,37
981.0,120,1,0,61,38
981.5,146,1,0,61,38
982.0,137,1,0,60,39
982.5,126,1,0,60,39
983.0,109,1,0,60,39
983.5,121,1,0,60,39
984.0,118,1,0,60,39
984.5,112,1,0,60,39
985.0,112,1,0,60,39
985.5,127,1,0,60,39
986.0,126,1,0,60,39
986.5,116,1,0,60,39
987.0,125,1,0,60,39
987.5,122,1,0,60,39
988.0,118,1,0,60,39
988.5,130,1,0,60,39
989.0,146,1,0,60,39
989.5,124,1,0,60,39
990.0,120,1,0,60,39
990.5,144,1,0,60,39
991.0,159,1,0,60,39
991.5,139,1,0,60,39
992.0,105,1,0,60,39
992.5,116,1,0,60,39
993.0,115,1,0,60,39
993.5,110,1,0,60,39
994.0,128,1,0,60,39
994.5,112,1,0,60,39
995.0,121,1,0,60,39
995.5,120,1,0,60,39
996.0,130,1,0,60,39
996.5,144,1,0,60,39
997.0,88,1,0,60,39
997.5,118,1,0,60,39
998.0,133,1,0,60,39
998.5,108,1,0,60,39
999.0,101,1,0,60,39
999.5,146,1,0,60,39
1000.0,115,1,0,60,39
1000.5,145,1,0,60,39
1001.0,135,1,0,60,39
1001.5,138,1,0,60,39
1002.0,120,1,0,60,39
1002.5,102,1,0,60,39
1003.0,112,1,0,59,40
1003.5,134,1,0,59,40
1004.0,123,1,0,59,40
1004.5,136,1,0,59,40
1005.0,138,1,0,59,40
1005.5,133,1,0,59,40
1006.0,123,1,0,59,40
1006.5,105,1,0,59,40
1007.0,117,1,0,59,40
1007.5,112,1,0,59,40
1008.0,113,1,0,59,40
1008.5,157,1,0,59,40
1009.0,118,1,0,59,40
1009.5,134,1,0,59,40
1010.0,111,1,0,59,40
1010.5,118,1,0,59,40
1011.0,120,1,0,59,40
1011.5,142,1,0,59,40
1012.0,117,1,0,59,40
1012.5,109,1,0,59,40
1013.0,98,1,0,59,40
1013.5,116,1,0,59,40
1014.0,116,1,0,59,40
1014.5,137,1,0,59,40
1015.0,142,1,0,59,40
1015.5,109,1,0,59,40
1016.0,128,1,0,59,40
1016.5,116,1,0,59,40
1017.0,135,1,0,59,40
1017.5,150,1,0,59,40
1018.0,116,1,0,59,40
1018.5,127,1,0,59,40
1019.0,90,1,0,59,40
1019.5,123,1,0,59,40
1020.0,130,1,0,59,40
1020.5,121,1,0,59,40
1021.0,128,1,0,59,40
1021.5,107,1,0,59,40
1022.0,151,1,0,59,40
1022.5,143,1,0,59,40
1023.0,129,1,0,59,40
1023.5,142,1,0,59,40
1024.0,103,1,0,59,40
1024.5,113,1,0,58,41
1025.0,100,1,0,58,41
1025.5,107,1,0,58,41
1026.0,134,1,0,58,41
1026.5,105,1,0,58,41
1027.0,96,1,0,58,41
1027.5,102,1,0,58,41
1028.0,127,1,0,58,41
1028.5,117,1,0,58,41
1029.0,131,1,0,58,41
1029.5,148,1,0,58,41
1030.0,123,1,0,58,41
1030.5,125,1,0,58,41
1031.0,89,1,0,58,41
1031.5,96,1,0,58,41
1032.0,139,1,0,58,41
1032.5,114,1,0,58,41
1033.0,109,1,0,58,41
1033.5,112,1,0,58,41
1034.0,126,1,0,58,41
1034.5,124,1,0,58,41
1035.0,130,1,0,58,41
1035.5,133,1,0,58,41
1036.0,124,1,0,58,41
1036.5,145,1,0,58,41
1037.0,102,1,0,58,41
1037.5,113,1,0,58,41
1038.0,95,1,0,58,41
1038.5,135,1,0,58,41
1039.0,138,1,0,58,41
1039.5,88,1,0,58,41
1040.0,114,1,0,58,41
1040.5,127,1,0,58,41
1041.0,116,1,0,58,41
1041.5,87,1,0,58,41
1042.0,122,1,0,58,41
1042.5,116,1,0,58,41
1043.0,121,1,0,58,41
1043.5,113,1,0,58,41
1044.0,128,1,0,58,41
1044.5,110,1,0,58,41
1045.0,130,1,0,57,42
1045.5,94,1,0,57,42
1046.0,106,1,0,57,42
1046.5,133,1,0,57,42
1047.0,113,1,0,57,42
1047.5,93,1,0,57,42
1048.0,102,1,0,57,42
1048.5,93,1,0,56,43
1049.0,116,1,0,56,43
1049.5,106,1,0,56,43
1050.0,123,1,0,56,43
1050.5,126,1,0,56,43
1051.0,111,1,0,56,43
1051.5,113,1,0,56,43
1052.0,87,1,0,56,43
1052.5,139,1,0,56,43
1053.0,131,1,0,56,43
1053.5,121,1,0,56,43
1054.0,124,1,0,56,43
1054.5,96,1,0,56,43
1055.0,116,1,0,56,43
1055.5,109,1,0,56,43
1056.0,107,1,0,56,43
1056.5,96,1,0,56,43
1057.0,105,1,0,56,43
1057.5,113,1,0,56,43
1058.0,117,1,0,56,43
1058.5,134,1,0,56,43
1059.0,117,1,0,56,43
1059.5,106,1,0,56,43
1060.0,117,1,0,56,43
1060.5,114,1,0,56,43
1061.0,106,1,0,56,43
1061.5,99,1,0,56,43
1062.0,117,1,0,56,43
1062.5,137,1,0,56,43
1063.0,118,1,0,56,43
1063.5,103,1,0,56,43
1064.0,108,1,0,56,43
1064.5,104,1,0,56,43
1065.0,113,1,0,56,43
1065.5,127,1,0,56,43
1066.0,118,1,0,56,43
1066.5,103,1,0,56,43
1067.0,120,1,0,56,43
1067.5,118,1,0,56,43
1068.0,117,1,0,56,43
1068.5,115,1,0,56,43
1069.0,91,1,0,56,43
1069.5,89,1,0,56,43
1070.0,110,1,0,56,43
1070.5,94,1,0,56,43
1071.0,97,1,0,56,43
1071.5,124,1,0,56,43
1072.0,105,1,0,56,43
1072.5,144,1,0,56,43
1073.0,134,1,0,56,43
1073.5,114,1,0,56,43
1074.0,135,1,0,56,43
1074.5,106,1,0,56,43
1075.0,111,1,0,56,43
1075.5,120,1,0,56,43
1076.0,96,1,0,56,43
1076.5,115,1,0,56,43
1077.0,96,1,0,56,43
1077.5,123,1,0,56,43
1078.0,135,1,0,56,43
1078.5,99,1,0,56,43
1079.0,103,1,0,56,43
1079.5,121,1,0,56,43
1080.0,109,1,0,56,43
1080.5,92,1,0,56,43
1081.0,82,1,0,56,43
1081.5,113,1,0,56,43
1082.0,107,1,0,56,43
1082.5,126,1,0,56,43
1083.0,116,1,0,56,43
1083.5,120,1,0,56,43
1084.0,112,1,0,56,43
1084.5,112,1,0,56,43
1085.0,102,1,0,56,43
1085.5,89,1,0,56,43
1086.0,116,1,0,56,43
1086.5,108,1,0,56,43
1087.0,93,1,0,56,43
1087.5,119,1,0,56,43
1088.0,94,1,0,56,43
1088.5,122,1,0,56,43
1089.0,102,1,0,56,43
1089.5,112,1,0,55,44
1090.0,115,1,0,55,44
1090.5,82,1,0,55,44
1091.0,109,1,0,55,44
1091.5,140,1,0,55,44
1092.0,139,1,0,55,44
1092.5,106,1,0,55,44
1093.0,118,1,0,55,44
1093.5,113,1,0,55,44
1094.0,127,1,0,55,44
1094.5,144,1,0,55,44
1095.0,105,1,0,55,44
1095.5,126,1,0,55,44
1096.0,144,1,0,55,44
1096.5,122,1,0,55,44
1097.0,109,1,0,55,44
1097.5,124,1,0,55,44
1098.0,100,1,0,55,44
1098.5,120,1,0,55,44
1099.0,112,1,0,55,44
1099.5,88,1,0,55,44
1100.0,114,1,0,55,44
1100.5,110,1,0,55,44
1101.0,111,1,0,55,44
1101.5,96,1,0,55,44
1102.0,95,1,0,55,44
1102.5,103,1,0,55,44
1103.0,114,1,0,55,44
1103.5,116,1,0,55,44
1104.0,133,1,0,55,44
1104.5,93,1,0,55,44
1105.0,129,1,0,55,44
1105.5,96,1,0,55,44
1106.0,128,1,0,55,44
1106.5,128,1,0,55,44
1107.0,89,1,0,55,44
1107.5,103,1,0,55,44
1108.0,108,1,0,55,44
1108.5,138,1,0,55,44
1109.0,83,1,0,55,44
1109.5,89,1,0,55,44
1110.0,120,1,0,55,44
1110.5,145,1,0,55,44
1111.0,124,1,0,55,44
1111.5,94,1,0,55,44
1112.0,97,1,0,55,44
1112.5,106,1,0,55,44
1113.0,92,1,0,55,44
1113.5,97,1,0,55,44
1114.0,97,1,0,55,44
1114.5,104,1,0,55,44
1115.0,125,1,0,55,44
1115.5,108,1,0,55,44
1116.0,126,1,0,55,44
1116.5,108,1,0,55,44
1117.0,117,1,0,55,44
1117.5,96,1,0,55,44
1118.0,128,1,0,55,44
1118.5,95,1,0,55,44
1119.0,116,1,0,55,44
1119.5,135,1,0,55,44
1120.0,97,1,0,55,44
1120.5,100,1,0,55,44
1121.0,91,1,0,55,44
1121.5,99,1,0,55,44
1122.0,100,1,0,55,44
1122.5,106,1,0,55,44
1123.0,108,1,0,55,44
1123.5,104,1,0,55,44
1124.0,97,1,0,55,44
1124.5,92,1,0,55,44
1125.0,79,1,0,55,44
1125.5,108,1,0,55,44
1126.0,126,1,0,55,44
1126.5,142,1,0,55,44
1127.0,117,1,0,55,44
1127.5,104,1,0,55,44
1128.0,118,1,0,55,44
1128.5,115,1,0,55,44
1129.0,121,1,0,55,44
1129.5,108,1,0,55,44
1130.0,91,1,0,55,44
1130.5,123,1,0,55,44
1131.0,113,1,0,55,44
1131.5,105,1,0,55,44
1132.0,104,1,0,55,44
1132.5,127,1,0,55,44
1133.0,114,1,0,55,44
1133.5,122,1,0,55,44
1134.0,89,1,0,55,44
1134.5,102,1,0,55,44
1135.0,109,1,0,55,44
1135.5,118,1,0,55,44
1136.0,96,1,0,55,44
1136.5,110,1,0,55,44
1137.0,107,1,0,55,44
1137.5,119,1,0,55,44
1138.0,141,1,0,55,44
1138.5,114,1,0,55,44
1139.0,108,1,0,55,44
1139.5,75,1,0,55,44
1140.0,106,1,0,55,44
1140.5,116,1,0,55,44
1141.0,114,1,0,55,44
1141.5,116,1,0,55,44
1142.0,89,1,0,55,44
1142.5,118,1,0,55,44
1143.0,128,1,0,55,44
1143.5,112,1,0,55,44
1144.0,110,1,0,55,44
1144.5,111,1,0,55,44
1145.0,98,1,0,55,44
1145.5,111,1,0,55,44
1146.0,85,1,0,55,44
1146.5,122,1,0,55,44
1147.0,93,1,0,55,44
1147.5,108,1,0,55,44
1148.0,111,1,0,55,44
1148.5,100,1,0,55,44
1149.0,125,1,0,55,44
1149.5,120,1,0,55,44
1150.0,115,1,0,55,44
1150.5,84,1,0,55,44
1151.0,109,1,0,55,44
1151.5,141,1,0,55,44
1152.0,115,1,0,55,44
1152.5,116,1,0,55,44
1153.0,130,1,0,55,44
1153.5,109,1,0,55,44
1154.0,117,1,0,55,44
1154.5,97,1,0,55,44
1155.0,102,1,0,55,44
1155.5,105,1,0,55,44
1156.0,118,1,0,55,44
1156.5,88,1,0,55,44
1157.0,113,1,0,55,44
1157.5,113,1,0,55,44
1158.0,126,1,0,55,44
1158.5,114,1,0,55,44
1159.0,124,1,0,55,44
1159.5,108,1,0,55,44
1160.0,114,1,0,55,44
1160.5,94,1,0,55,44
1161.0,116,1,0,55,44
1161.5,106,1,0,55,44
1162.0,95,1,0,55,44
1162.5,146,1,0,55,44
1163.0,94,1,0,55,44
1163.5,115,1,0,55,44
1164.0,123,1,0,55,44
1164.5,91,1,0,55,44
1165.0,107,1,0,55,44
1165.5,116,1,0,55,44
1166.0,102,1,0,55,44
1166.5,113,1,0,55,44
1167.0,94,1,0,55,44
1167.5,117,1,0,55,44
1168.0,105,1,0,55,44
1168.5,95,1,0,55,44
1169.0,83,1,0,55,44
1169.5,105,1,0,55,44
1170.0,126,1,0,55,44
1170.5,117,1,0,55,44
1171.0,104,1,0,55,44
1171.5,113,1,0,55,44
1172.0,106,1,0,55,44
1172.5,97,1,0,55,44
1173.0,95,1,0,55,44
1173.5,109,1,0,55,44
1174.0,100,1,0,55,44
1174.5,119,1,0,55,44
1175.0,110,1,0,55,44
1175.5,98,1,0,55,44
1176.0,110,1,0,55,44
1176.5,117,1,0,55,44
1177.0,120,1,0,55,44
1177.5,98,1,0,55,44
1178.0,131,1,0,55,44
1178.5,106,1,0,55,44
1179.0,119,1,0,55,44
1179.5,119,1,0,55,44
1180.0,107,1,0,55,44
1180.5,113,1,0,55,44
1181.0,87,1,0,55,44
1181.5,97,1,0,55,44
1182.0,107,1,0,55,44
1182.5,123,1,0,55,44
1183.0,109,1,0,55,44
1183.5,129,1,0,55,44
1184.0,102,1,0,55,44
1184.5,106,1,0,55,44
1185.0,113,1,0,55,44
1185.5,125,1,0,55,44
1186.0,96,1,0,55,44
1186.5,104,1,0,55,44
1187.0,118,1,0,55,44
1187.5,103,1,0,55,44
1188.0,107,1,0,55,44
1188.5,105,1,0,55,44
1189.0,100,1,0,55,44
1189.5,91,1,0,55,44
1190.0,96,1,0,55,44
1190.5,102,1,0,55,44
1191.0,100,1,0,55,44
1191.5,99,1,0,55,44
1192.0,109,1,0,55,44
1192.5,142,1,0,55,44
1193.0,118,1,0,55,44
1193.5,97,1,0,55,44
1194.0,107,1,0,55,44
1194.5,126,1,0,55,44
1195.0,108,1,0,55,44
1195.5,112,1,0,55,44
1196.0,108,1,0,55,44
1196.5,101,1,0,55,44
1197.0,106,1,0,55,44
1197.5,97,1,0,55,44
1198.0,123,1,0,55,44
1198.5,135,1,0,55,44
1199.0,135,1,0,55,44
1199.5,125,1,0,55,44
1200.0,112,1,0,55,44
1200.5,100,1,0,55,44
1201.0,131,1,0,55,44
1201.5,104,1,0,55,44
1202.0,94,1,0,55,44
1202.5,120,1,0,55,44
1203.0,85,1,0,55,44
1203.5,110,1,0,55,44
1204.0,107,1,0,55,44
1204.5,130,1,0,55,44
1205.0,102,1,0,55,44
1205.5,107,1,0,55,44
1206.0,134,1,0,55,44
1206.5,88,1,0,55,44
1207.0,88,1,0,55,44
1207.5,102,1,0,55,44
1208.0,139,1,0,55,44
1208.5,114,1,0,55,44
1209.0,121,1,0,55,44
1209.5,103,1,0,55,44
1210.0,111,1,0,55,44
1210.5,120,1,0,55,44
1211.0,103,1,0,55,44
1211.5,107,1,0,55,44
1212.0,110,1,0,55,44
1212.5,88,1,0,55,44
1213.0,110,1,0,55,44
1213.5,119,1,0,55,44
1214.0,99,1,0,55,44
1214.5,86,1,0,55,44
1215.0,128,1,0,55,44
1215.5,135,1,0,55,44
1216.0,98,1,0,55,44
1216.5,117,1,0,55,44
1217.0,106,1,0,55,44
1217.5,111,1,0,55,44
1218.0,133,1,0,55,44
1218.5,115,1,0,55,44
1219.0,105,1,0,55,44
1219.5,126,1,0,55,44
1220.0,129,1,0,55,44
1220.5,105,1,0,55,44
1221.0,118,1,0,55,44
1221.5,98,1,0,55,44
1222.0,115,1,0,55,44
1222.5,126,1,0,55,44
1223.0,90,1,0,55,44
1223.5,115,1,0,55,44
1224.0,107,1,0,55,44
1224.5,101,1,0,55,44
1225.0,137,1,0,55,44
1225.5,97,1,0,55,44
1226.0,105,1,0,55,44
1226.5,128,1,0,55,44
1227.0,116,1,0,55,44
1227.5,111,1,0,55,44
1228.0,117,1,0,55,44
1228.5,112,1,0,55,44
1229.0,132,1,0,55,44
1229.5,114,1,0,55,44
1230.0,112,1,0,55,44
1230.5,107,1,0,55,44
1231.0,98,1,0,55,44
1231.5,122,1,0,55,44
1232.0,132,1,0,55,44
1232.5,110,1,0,55,44
1233.0,88,1,0,55,44
1233.5,125,1,0,55,44
1234.0,112,1,0,55,44
1234.5,94,1,0,55,44
1235.0,120,1,0,55,44
1235.5,98,1,0,55,44
1236.0,121,1,0,55,44
1236.5,102,1,0,55,44
1237.0,123,1,0,55,44
1237.5,120,1,0,55,44
1238.0,120,1,0,55,44
1238.5,122,1,0,55,44
1239.0,83,1,0,55,44
1239.5,117,1,0,55,44
1240.0,127,1,0,55,44
1240.5,123,1,0,55,44
1241.0,124,1,0,55,44
1241.5,111,1,0,55,44
1242.0,95,1,0,55,44
1242.5,113,1,0,55,44
1243.0,129,1,0,55,44
1243.5,136,1,0,55,44
1244.0,114,1,0,55,44
1244.5,119,1,0,55,44
1245.0,114,1,0,55,44
1245.5,110,1,0,55,44
1246.0,114,1,0,55,44
1246.5,139,1,0,55,44
1247.0,128,1,0,55,44
1247.5,103,1,0,55,44
1248.0,128,1,0,55,44
1248.5,110,1,0,55,44
1249.0,115,1,0,55,44
1249.5,117,1,0,55,44
1250.0,86,1,0,55,44
1250.5,121,1,0,55,44
1251.0,99,1,0,55,44
1251.5,118,1,0,55,44
1252.0,106,1,0,55,44
1252.5,116,1,0,55,44
1253.0,94,1,0,55,44
1253.5,119,1,0,55,44
1254.0,111,1,0,55,44
1254.5,89,1,0,55,44
1255.0,120,1,0,55,44
1255.5,104,1,0,55,44
1256.0,118,1,0,55,44
1256.5,112,1,0,55,44
1257.0,113,1,0,55,44
1257.5,105,1,0,55,44
1258.0,134,1,0,55,44
1258.5,129,1,0,55,44
1259.0,109,1,0,55,44
1259.5,114,1,0,55,44
1260.0,133,1,0,55,44
1260.5,93,1,0,55,44
1261.0,120,1,0,55,44
1261.5,122,1,0,55,44
1262.0,115,1,0,55,44
1262.5,135,1,0,55,44
1263.0,107,1,0,55,44
1263.5,121,1,0,55,44
1264.0,110,1,0,55,44
1264.5,119,1,0,55,44
1265.0,95,1,0,55,44
1265.5,122,1,0,55,44
1266.0,113,1,0,55,44
1266.5,116,1,0,55,44
1267.0,112,1,0,55,44
1267.5,115,1,0,55,44
1268.0,111,1,0,55,44
1268.5,107,1,0,55,44
1269.0,112,1,0,55,44
1269.5,126,1,0,55,44
1270.0,104,1,0,55,44
1270.5,130,1,0,55,44
1271.0,99,1,0,55,44
1271.5,101,1,0,55,44
1272.0,134,1,0,55,44
1272.5,92,1,0,55,44
1273.0,108,1,0,55,44
1273.5,108,1,0,55,44
1274.0,101,1,0,55,44
1274.5,103,1,0,55,44
1275.0,104,1,0,55,44
1275.5,98,1,0,55,44
1276.0,99,1,0,55,44
1276.5,96,1,0,55,44
1277.0,112,1,0,55,44
1277.5,96,1,0,55,44
1278.0,119,1,0,55,44
1278.5,128,1,0,55,44
1279.0,106,1,0,55,44
1279.5,124,1,0,55,44
1280.0,140,1,0,55,44
1280.5,127,1,0,55,44
1281.0,129,1,0,55,44
1281.5,108,1,0,55,44
1282.0,112,1,0,55,44
1282.5,127,1,0,55,44
1283.0,96,1,0,55,44
1283.5,111,1,0,55,44
1284.0,114,1,0,55,44
1284.5,113,1,0,55,44
1285.0,101,1,0,55,44
1285.5,132,1,0,55,44
1286.0,129,1,0,55,44
1286.5,145,1,0,55,44
1287.0,111,1,0,55,44
1287.5,85,1,0,55,44
1288.0,116,1,0,55,44
1288.5,131,1,0,55,44
1289.0,95,1,0,55,44
1289.5,110,1,0,55,44
1290.0,105,1,0,55,44
1290.5,110,1,0,55,44
1291.0,134,1,0,55,44
1291.5,115,1,0,55,44
1292.0,97,1,0,55,44
1292.5,125,1,0,55,44
1293.0,126,1,0,55,44
1293.5,121,1,0,55,44
1294.0,126,1,0,55,44
1294.5,100,1,0,55,44
1295.0,111,1,0,55,44
1295.5,127,1,0,55,44
1296.0,114,1,0,55,44
1296.5,112,1,0,55,44
1297.0,89,1,0,55,44
1297.5,107,1,0,55,44
1298.0,117,1,0,55,44
1298.5,118,1,0,55,44
1299.0,106,1,0,55,44
1299.5,120,1,0,55,44
1300.0,91,1,0,55,44
1300.5,115,1,0,55,44
1301.0,118,1,0,54,45
1301.5,128,1,0,54,45
1302.0,148,1,0,54,45
1302.5,99,1,0,54,45
1303.0,109,1,0,54,45
1303.5,94,1,0,54,45
1304.0,95,1,0,54,45
1304.5,140,1,0,54,45
1305.0,116,1,0,54,45
1305.5,104,1,0,54,45
1306.0,115,1,0,54,45
1306.5,116,1,0,54,45
1307.0,94,1,0,54,45
1307.5,119,1,0,54,45
1308.0,99,1,0,54,45
1308.5,112,1,0,54,45
1309.0,122,1,0,54,45
1309.5,115,1,0,54,45
1310.0,122,1,0,54,45
1310.5,102,1,0,54,45
1311.0,107,1,0,54,45
1311.5,104,1,0,54,45
1312.0,115,1,0,54,45
1312.5,87,1,0,54,45
1313.0,88,1,0,54,45
1313.5,120,1,0,54,45
1314.0,132,1,0,54,45
1314.5,135,1,0,54,45
1315.0,101,1,0,54,45
1315.5,115,1,0,54,45
1316.0,100,1,0,54,45
1316.5,103,1,0,54,45
1317.0,98,1,0,54,45
1317.5,93,1,0,54,45
1318.0,128,1,0,54,45
1318.5,115,1,0,54,45
1319.0,101,1,0,54,45
1319.5,110,1,0,54,45
1320.0,144,1,0,54,45
1320.5,115,1,0,54,45
1321.0,107,1,0,54,45
1321.5,114,1,0,54,45
1322.0,103,1,0,54,45
1322.5,103,1,0,54,45
1323.0,90,1,0,54,45
1323.5,114,1,0,54,45
1324.0,144,1,0,54,45
1324.5,104,1,0,54,45
1325.0,127,1,0,54,45
1325.5,104,1,0,54,45
1326.0,82,1,0,54,45
1326.5,123,1,0,54,45
1327.0,103,1,0,54,45
1327.5,87,1,0,54,45
1328.0,112,1,0,54,45
1328.5,113,1,0,54,45
1329.0,113,1,0,54,45
1329.5,143,1,0,54,45
1330.0,108,1,0,54,45
1330.5,122,1,0,54,45
1331.0,118,1,0,54,45
1331.5,108,1,0,54,45
1332.0,108,1,0,54,45
1332.5,88,1,0,54,45
1333.0,140,1,0,54,45
1333.5,89,1,0,54,45
1334.0,100,1,0,54,45
1334.5,106,1,0,54,45
1335.0,105,1,0,54,45
1335.5,121,1,0,54,45
1336.0,95,1,0,53,46
1336.5,113,1,0,53,46
1337.0,83,1,0,53,46
1337.5,121,1,0,53,46
1338.0,108,1,0,53,46
1338.5,116,1,0,53,46
1339.0,110,1,0,53,46
1339.5,107,1,0,53,46
1340.0,87,1,0,53,46
1340.5,99,1,0,53,46
1341.0,110,1,0,53,46
1341.5,137,1,0,53,46
1342.0,95,1,0,53,46
1342.5,112,1,0,53,46
1343.0,101,1,0,53,46
1343.5,142,1,0,53,46
1344.0,119,1,0,53,46
1344.5,127,1,0,53,46
1345.0,111,1,0,53,46
1345.5,123,1,0,53,46
1346.0,107,1,0,53,46
1346.5,100,1,0,53,46
1347.0,121,1,0,53,46
1347.5,105,1,0,53,46
1348.0,91,1,0,53,46
1348.5,129,1,0,53,46
1349.0,105,1,0,53,46
1349.5,112,1,0,53,46
1350.0,95,1,0,53,46
1350.5,123,1,0,53,46
1351.0,118,1,0,53,46
1351.5,107,1,0,53,46
1352.0,112,1,0,53,46
1352.5,82,1,0,53,46
1353.0,125,1,0,53,46
1353.5,96,1,0,53,46
1354.0,108,1,0,53,46
1354.5,95,1,0,53,46
1355.0,91,1,0,53,46
1355.5,105,1,0,53,46
1356.0,97,1,0,53,46
1356.5,84,1,0,53,46
1357.0,127,1,0,53,46
1357.5,103,1,0,53,46
1358.0,86,1,0,53,46
1358.5,112,1,0,53,46
1359.0,128,1,0,53,46
1359.5,72,1,0,53,46
1360.0,96,1,0,53,46
1360.5,138,1,0,53,46
1361.0,108,1,0,53,46
1361.5,102,1,0,53,46
1362.0,112,1,0,53,46
1362.5,102,1,0,53,46
1363.0,101,1,0,53,46
1363.5,114,1,0,53,46
1364.0,96,1,0,53,46
1364.5,105,1,0,53,46
1365.0,128,1,0,53,46
1365.5,108,1,0,53,46
1366.0,142,1,0,53,46
1366.5,92,1,0,53,46
1367.0,107,1,0,53,46
1367.5,130,1,0,53,46
1368.0,127,1,0,53,46
1368.5,108,1,0,53,46
1369.0,109,1,0,53,46
1369.5,119,1,0,53,46
1370.0,117,1,0,53,46
1370.5,113,1,0,53,46
1371.0,129,1,0,53,46
1371.5,98,1,0,53,46
1372.0,105,1,0,53,46
1372.5,99,1,0,53,46
1373.0,103,1,0,53,46
1373.5,112,1,0,53,46
1374.0,103,1,0,53,46
1374.5,113,1,0,53,46
1375.0,105,1,0,52,47
1375.5,108,1,0,52,47
1376.0,119,1,0,52,47
1376.5,94,1,0,52,47
1377.0,100,1,0,52,47
1377.5,92,1,0,52,47
1378.0,82,1,0,51,48
1378.5,110,1,0,51,48
1379.0,112,1,0,51,48
1379.5,86,1,0,51,48
1380.0,86,1,0,51,48
1380.5,97,1,0,51,48
1381.0,115,1,0,51,48
1381.5,103,1,0,51,48
1382.0,111,1,0,51,48
1382.5,144,1,0,51,48
1383.0,129,1,0,51,48
1383.5,99,1,0,51,48
1384.0,95,1,0,51,48
1384.5,103,1,0,51,48
1385.0,111,1,0,51,48
1385.5,124,1,0,51,48
1386.0,99,1,0,51,48
1386.5,92,1,0,51,48
1387.0,106,1,0,51,48
1387.5,109,1,0,51,48
1388.0,101,1,0,51,48
1388.5,113,1,0,51,48
1389.0,123,1,0,51,48
1389.5,111,1,0,51,48
1390.0,107,1,0,51,48
1390.5,126,1,0,51,48
1391.0,101,1,0,51,48
1391.5,92,1,0,51,48
1392.0,106,1,0,51,48
1392.5,109,1,0,51,48
1393.0,112,1,0,51,48
1393.5,110,1,0,51,48
1394.0,105,1,0,51,48
1394.5,99,1,0,51,48
1395.0,104,1,0,51,48
1395.5,93,1,0,51,48
1396.0,111,1,0,51,48
1396.5,84,1,0,51,48
1397.0,98,1,0,51,48
1397.5,91,1,0,51,48
1398.0,118,1,0,50,49
1398.5,84,1,0,50,49
1399.0,120,1,0,49,50
1399.5,98,1,0,49,50
1400.0,83,1,0,49,50
1400.5,92,1,0,48,51
1401.0,91,1,0,48,51
1401.5,100,1,0,48,51
1402.0,90,1,0,48,51
1402.5,90,1,0,48,51
1403.0,103,1,0,48,51
1403.5,100,1,0,48,51
1404.0,78,1,0,48,51
1404.5,95,1,0,48,51
1405.0,107,1,0,48,51
1405.5,101,1,0,48,51
1406.0,101,1,0,48,51
1406.5,95,1,0,48,51
1407.0,86,1,0,48,51
1407.5,104,1,0,48,51
1408.0,91,1,0,48,51
1408.5,75,1,0,48,51
1409.0,84,1,0,48,51
1409.5,89,1,0,48,51
1410.0,100,1,0,48,51
1410.5,106,1,0,48,51
1411.0,83,1,0,48,51
1411.5,106,1,0,48,51
1412.0,112,1,0,48,51
1412.5,94,1,0,48,51
1413.0,101,1,0,48,51
1413.5,94,1,0,48,51
1414.0,86,1,0,48,51
1414.5,97,1,0,48,51
1415.0,95,1,0,48,51
1415.5,93,1,0,48,51
1416.0,72,1,0,48,51
1416.5,97,1,0,48,51
1417.0,104,1,0,48,51
1417.5,105,1,0,48,51
1418.0,118,1,0,48,51
1418.5,98,1,0,48,51
1419.0,87,1,0,48,51
1419.5,71,1,0,48,51
1420.0,102,1,0,48,51
1420.5,102,1,0,48,51
1421.0,106,1,0,48,51
1421.5,124,1,0,48,51
1422.0,73,1,0,48,51
1422.5,97,1,0,48,51
1423.0,125,1,0,48,51
1423.5,106,1,0,48,51
1424.0,91,1,0,48,51
1424.5,89,1,0,48,51
1425.0,115,1,0,47,52
1425.5,94,1,0,47,52
1426.0,82,1,0,47,52
1426.5,110,1,0,47,52
1427.0,102,1,0,47,52
1427.5,113,1,0,47,52
1428.0,86,1,0,47,52
1428.5,79,1,0,47,52
1429.0,76,1,0,47,52
1429.5,109,1,0,47,52
1430.0,87,1,0,47,52
1430.5,88,1,0,47,52
1431.0,113,1,0,47,52
1431.5,61,1,0,47,52
1432.0,79,1,0,47,52
1432.5,112,1,0,47,52
1433.0,76,1,0,47,52
1433.5,101,1,0,47,52
1434.0,97,1,0,47,52
1434.5,109,1,0,47,52
1435.0,101,1,0,47,52
1435.5,98,1,0,47,52
1436.0,80,1,0,47,52
1436.5,109,1,0,47,52
1437.0,119,1,0,47,52
1437.5,109,1,0,47,52
1438.0,83,1,0,47,52
1438.5,95,1,0,47,52
1439.0,67,1,0,47,52
1439.5,96,1,0,47,52
1440.0,99,1,0,47,52
1440.5,117,1,0,47,52
1441.0,83,1,0,47,52
1441.5,107,1,0,47,52
1442.0,106,1,0,47,52
1442.5,102,1,0,47,52
1443.0,98,1,0,47,52
1443.5,101,1,0,47,52
1444.0,80,1,0,47,52
1444.5,80,1,0,47,52
1445.0,90,1,0,46,53
1445.5,100,1,0,46,53
1446.0,93,1,0,46,53
1446.5,91,1,0,46,53
1447.0,81,1,0,46,53
1447.5,92,1,0,46,53
1448.0,96,1,0,46,53
1448.5,103,1,0,46,53
1449.0,89,1,0,46,53
1449.5,73,1,0,46,53
1450.0,89,1,0,46,53
1450.5,121,1,0,46,53
1451.0,98,1,0,46,53
1451.5,94,1,0,46,53
1452.0,79,1,0,46,53
1452.5,113,1,0,46,53
1453.0,85,1,0,46,53
1453.5,89,1,0,46,53
1454.0,104,1,0,46,53
1454.5,66,1,0,46,53
1455.0,110,1,0,46,53
1455.5,84,1,0,46,53
1456.0,96,1,0,46,53
1456.5,90,1,0,46,53
1457.0,90,1,0,46,53
1457.5,96,1,0,46,53
1458.0,94,1,0,46,53
1458.5,94,1,0,46,53
1459.0,104,1,0,46,53
1459.5,95,1,0,46,53
1460.0,86,1,0,46,53
1460.5,77,1,0,46,53
1461.0,103,1,0,46,53
1461.5,101,1,0,46,53
1462.0,73,1,0,46,53
1462.5,103,1,0,46,53
1463.0,98,1,0,46,53
1463.5,104,1,0,46,53
1464.0,95,1,0,46,53
1464.5,101,1,0,46,53
1465.0,98,1,0,46,53
1465.5,91,1,0,46,53
1466.0,103,1,0,46,53
1466.5,106,1,0,46,53
1467.0,97,1,0,46,53
1467.5,88,1,0,46,53
1468.0,107,1,0,46,53
1468.5,87,1,0,46,53
1469.0,100,1,0,46,53
1469.5,92,1,0,46,53
1470.0,83,1,0,46,53
1470.5,94,1,0,46,53
1471.0,73,1,0,46,53
1471.5,86,1,0,46,53
1472.0,81,1,0,46,53
1472.5,103,1,0,46,53
1473.0,96,1,0,46,53
1473.5,99,1,0,46,53
1474.0,106,1,0,46,53
1474.5,82,1,0,46,53
1475.0,92,1,0,46,53
1475.5,90,1,0,46,53
1476.0,97,1,0,46,53
1476.5,80,1,0,46,53
1477.0,80,1,0,46,53
1477.5,82,1,0,46,53
1478.0,80,1,0,46,53
1478.5,87,1,0,46,53
1479.0,84,1,0,46,53
1479.5,96,1,0,46,53
1480.0,99,1,0,45,54
1480.5,89,1,0,45,54
1481.0,105,1,0,45,54
1481.5,88,1,0,45,54
1482.0,75,1,0,45,54
1482.5,90,1,0,45,54
1483.0,87,1,0,45,54
1483.5,83,1,0,45,54
1484.0,128,1,0,45,54
1484.5,116,1,0,45,54
1485.0,89,1,0,45,54
1485.5,86,1,0,45,54
1486.0,88,1,0,45,54
1486.5,97,1,0,45,54
1487.0,104,1,0,45,54
1487.5,91,1,0,45,54
1488.0,77,1,0,45,54
1488.5,107,1,0,45,54
1489.0,87,1,0,45,54
1489.5,65,1,0,45,54
1490.0,105,1,0,45,54
1490.5,83,1,0,45,54
1491.0,109,1,0,45,54
1491.5,81,1,0,45,54
1492.0,90,1,0,45,54
1492.5,108,1,0,45,54
1493.0,88,1,0,45,54
1493.5,107,1,0,45,54
1494.0,99,1,0,45,54
1494.5,98,1,0,45,54
1495.0,103,1,0,45,54
1495.5,88,1,0,45,54
1496.0,99,1,0,45,54
1496.5,89,1,0,45,54
1497.0,108,1,0,45,54
1497.5,100,1,0,45,54
1498.0,73,1,0,45,54
1498.5,78,1,0,45,54
1499.0,90,1,0,45,54
1499.5,115,1,0,45,54
1500.0,108,1,0,45,54
1500.5,87,1,0,45,54
1501.0,101,1,0,45,54
1501.5,96,1,0,45,54
1502.0,81,1,0,45,54
1502.5,86,1,0,45,54
1503.0,88,1,0,45,54
1503.5,88,1,0,45,54
1504.0,87,1,0,45,54
1504.5,83,1,0,45,54
1505.0,97,1,0,45,54
1505.5,86,1,0,45,54
1506.0,99,1,0,45,54
1506.5,93,1,0,45,54
1507.0,81,1,0,45,54
1507.5,82,1,0,45,54
1508.0,86,1,0,45,54
1508.5,112,1,0,45,54
1509.0,105,1,0,45,54
1509.5,78,1,0,45,54
1510.0,83,1,0,45,54
1510.5,96,1,0,45,54
1511.0,112,1,0,45,54
1511.5,110,1,0,45,54
1512.0,94,1,0,45,54
1512.5,66,1,0,45,54
1513.0,91,1,0,45,54
1513.5,101,1,0,45,54
1514.0,91,1,0,45,54
1514.5,111,1,0,45,54
1515.0,81,1,0,45,54
1515.5,103,1,0,45,54
1516.0,102,1,0,45,54
1516.5,77,1,0,45,54
1517.0,96,1,0,45,54
1517.5,115,1,0,45,54
1518.0,86,1,0,45,54
1518.5,86,1,0,45,54
1519.0,78,1,0,45,54
1519.5,83,1,0,45,54
1520.0,99,1,0,45,54
1520.5,109,1,0,45,54
1521.0,101,1,0,45,54
1521.5,97,1,0,45,54
1522.0,87,1,0,45,54
1522.5,75,1,0,45,54
1523.0,100,1,0,45,54
1523.5,85,1,0,45,54
1524.0,109,1,0,45,54
1524.5,106,1,0,45,54
1525.0,86,1,0,45,54
1525.5,78,1,0,45,54
1526.0,103,1,0,45,54
1526.5,85,1,0,45,54
1527.0,99,1,0,45,54
1527.5,93,1,0,45,54
1528.0,89,1,0,45,54
1528.5,71,1,0,45,54
1529.0,80,1,0,45,54
1529.5,90,1,0,45,54
1530.0,100,1,0,45,54
1530.5,82,1,0,45,54
1531.0,98,1,0,45,54
1531.5,102,1,0,45,54
1532.0,91,1,0,45,54
1532.5,82,1,0,45,54
1533.0,92,1,0,45,54
1533.5,91,1,0,45,54
1534.0,93,1,0,45,54
1534.5,105,1,0,45,54
1535.0,90,1,0,45,54
1535.5,85,1,0,45,54
1536.0,97,1,0,45,54
1536.5,92,1,0,45,54
1537.0,74,1,0,45,54
1537.5,89,1,0,45,54
1538.0,109,1,0,45,54
1538.5,73,1,0,45,54
1539.0,82,1,0,45,54
1539.5,77,1,0,45,54
1540.0,111,1,0,45,54
1540.5,112,1,0,45,54
1541.0,104,1,0,45,54
1541.5,66,1,0,45,54
1542.0,78,1,0,45,54
1542.5,90,1,0,45,54
1543.0,91,1,0,45,54
1543.5,93,1,0,45,54
1544.0,96,1,0,45,54
1544.5,101,1,0,45,54
1545.0,106,1,0,45,54
1545.5,73,1,0,45,54
1546.0,89,1,0,45,54
1546.5,100,1,0,45,54
1547.0,88,1,0,45,54
1547.5,94,1,0,45,54
1548.0,92,1,0,45,54
1548.5,97,1,0,45,54
1549.0,100,1,0,45,54
1549.5,96,1,0,45,54
1550.0,106,1,0,45,54
1550.5,85,1,0,45,54
1551.0,80,1,0,45,54
1551.5,91,1,0,45,54
1552.0,98,1,0,45,54
1552.5,99,1,0,45,54
1553.0,93,1,0,45,54
1553.5,77,1,0,45,54
1554.0,76,1,0,45,54
1554.5,122,1,0,45,54
1555.0,105,1,0,45,54
1555.5,88,1,0,45,54
1556.0,103,1,0,45,54
1556.5,115,1,0,45,54
1557.0,93,1,0,45,54
1557.5,99,1,0,45,54
1558.0,111,1,0,45,54
1558.5,99,1,0,45,54
1559.0,84,1,0,45,54
1559.5,108,1,0,44,55
1560.0,72,1,0,44,55
1560.5,81,1,0,44,55
1561.0,82,1,0,44,55
1561.5,74,1,0,44,55
1562.0,97,1,0,44,55
1562.5,84,1,0,44,55
1563.0,106,1,0,44,55
1563.5,89,1,0,44,55
1564.0,112,1,0,44,55
1564.5,117,1,0,44,55
1565.0,87,1,0,44,55
1565.5,102,1,0,44,55
1566.0,90,1,0,44,55
1566.5,85,1,0,44,55
1567.0,108,1,0,44,55
1567.5,83,1,0,44,55
1568.0,95,1,0,44,55
1568.5,123,1,0,44,55
1569.0,95,1,0,44,55
1569.5,93,1,0,44,55
1570.0,95,1,0,44,55
1570.5,86,1,0,44,55
1571.0,120,1,0,44,55
1571.5,92,1,0,44,55
1572.0,112,1,0,44,55
1572.5,79,1,0,44,55
1573.0,87,1,0,44,55
1573.5,100,1,0,44,55
1574.0,82,1,0,44,55
1574.5,94,1,0,44,55
1575.0,92,1,0,44,55
1575.5,105,1,0,44,55
1576.0,92,1,0,44,55
1576.5,100,1,0,43,56
1577.0,105,1,0,43,56
1577.5,95,1,0,43,56
1578.0,85,1,0,43,56
1578.5,102,1,0,43,56
1579.0,76,1,0,43,56
1579.5,98,1,0,43,56
1580.0,91,1,0,43,56
1580.5,98,1,0,43,56
1581.0,101,1,0,43,56
1581.5,97,1,0,43,56
1582.0,99,1,0,43,56
1582.5,78,1,0,43,56
1583.0,79,1,0,43,56
1583.5,109,1,0,43,56
1584.0,66,1,0,43,56
1584.5,76,1,0,43,56
1585.0,98,1,0,43,56
1585.5,108,1,0,43,56
1586.0,100,1,0,43,56
1586.5,84,1,0,43,56
1587.0,78,1,0,43,56
1587.5,95,1,0,43,56
1588.0,88,1,0,43,56
1588.5,88,1,0,43,56
1589.0,103,1,0,43,56
1589.5,99,1,0,43,56
1590.0,98,1,0,42,57
1590.5,68,1,0,42,57
1591.0,85,1,0,42,57
1591.5,71,1,0,42,57
1592.0,65,1,0,42,57
1592.5,89,1,0,42,57
1593.0,76,1,0,42,57
1593.5,99,1,0,42,57
1594.0,108,1,0,42,57
1594.5,88,1,0,42,57
1595.0,83,1,0,42,57
1595.5,88,1,0,42,57
1596.0,88,1,0,42,57
1596.5,69,1,0,42,57
1597.0,81,1,0,42,57
1597.5,89,1,0,42,57
1598.0,82,1,0,42,57
1598.5,73,1,0,42,57
1599.0,85,1,0,42,57
1599.5,77,1,0,42,57
1600.0,75,1,0,42,57
1600.5,93,1,0,42,57
1601.0,78,1,0,42,57
1601.5,105,1,0,42,57
1602.0,73,1,0,42,57
1602.5,73,1,0,42,57
1603.0,89,1,0,42,57
1603.5,80,1,0,42,57
1604.0,84,1,0,42,57
1604.5,89,1,0,42,57
1605.0,79,1,0,42,57
1605.5,90,1,0,42,57
1606.0,71,1,0,42,57
1606.5,88,1,0,42,57
1607.0,85,1,0,42,57
1607.5,63,1,0,42,57
1608.0,92,1,0,42,57
1608.5,77,1,0,42,57
1609.0,99,1,0,42,57
1609.5,87,1,0,42,57
1610.0,87,1,0,42,57
1610.5,72,1,0,42,57
1611.0,65,1,0,42,57
1611.5,84,1,0,42,57
1612.0,86,1,0,42,57
1612.5,69,1,0,42,57
1613.0,77,1,0,42,57
1613.5,90,1,0,42,57
1614.0,104,1,0,42,57
1614.5,78,1,0,42,57
1615.0,98,1,0,42,57
1615.5,92,1,0,42,57
1616.0,77,1,0,42,57
1616.5,89,1,0,42,57
1617.0,69,1,0,42,57
1617.5,86,1,0,42,57
1618.0,82,1,0,42,57
1618.5,84,1,0,42,57
1619.0,61,1,0,42,57
1619.5,91,1,0,42,57
1620.0,89,1,0,42,57
1620.5,81,1,0,42,57
1621.0,91,1,0,42,57
1621.5,69,1,0,42,57
1622.0,85,1,0,42,57
1622.5,90,1,0,42,57
1623.0,91,1,0,42,57
1623.5,99,1,0,42,57
1624.0,73,1,0,42,57
1624.5,72,1,0,42,57
1625.0,102,1,0,42,57
1625.5,64,1,0,42,57
1626.0,88,1,0,42,57
1626.5,99,1,0,42,57
1627.0,85,1,0,42,57
1627.5,98,1,0,42,57
1628.0,95,1,0,42,57
1628.5,89,1,0,42,57
1629.0,103,1,0,42,57
1629.5,89,1,0,42,57
1630.0,115,1,0,42,57
1630.5,101,1,0,42,57
1631.0,89,1,0,42,57
1631.5,77,1,0,42,57
1632.0,84,1,0,42,57
1632.5,88,1,0,42,57
1633.0,91,1,0,42,57
1633.5,95,1,0,42,57
1634.0,76,1,0,42,57
1634.5,115,1,0,42,57
1635.0,103,1,0,42,57
1635.5,75,1,0,42,57
1636.0,112,1,0,42,57
1636.5,89,1,0,42,57
1637.0,75,1,0,42,57
1637.5,91,1,0,42,57
1638.0,76,1,0,42,57
1638.5,76,1,0,42,57
1639.0,99,1,0,42,57
1639.5,92,1,0,42,57
1640.0,71,1,0,42,57
1640.5,83,1,0,42,57
1641.0,75,1,0,42,57
1641.5,89,1,0,42,57
1642.0,83,1,0,42,57
1642.5,84,1,0,42,57
1643.0,96,1,0,42,57
1643.5,103,1,0,42,57
1644.0,99,1,0,42,57
1644.5,97,1,0,42,57
1645.0,67,1,0,42,57
1645.5,80,1,0,42,57
1646.0,96,1,0,42,57
1646.5,100,1,0,42,57
1647.0,79,1,0,42,57
1647.5,63,1,0,42,57
1648.0,91,1,0,42,57
1648.5,105,1,0,42,57
1649.0,93,1,0,42,57
1649.5,82,1,0,42,57
1650.0,92,1,0,42,57
1650.5,84,1,0,42,57
1651.0,86,1,0,42,57
1651.5,80,1,0,42,57
1652.0,75,1,0,42,57
1652.5,85,1,0,42,57
1653.0,85,1,0,42,57
1653.5,90,1,0,42,57
1654.0,69,1,0,42,57
1654.5,62,1,0,42,57
1655.0,71,1,0,42,57
1655.5,95,1,0,42,57
1656.0,99,1,0,42,57
1656.5,86,1,0,42,57
1657.0,95,1,0,42,57
1657.5,90,1,0,42,57
1658.0,66,1,0,42,57
1658.5,85,1,0,42,57
1659.0,84,1,0,42,57
1659.5,65,1,0,42,57
1660.0,94,1,0,42,57
1660.5,99,1,0,42,57
1661.0,100,1,0,42,57
1661.5,92,1,0,42,57
1662.0,74,1,0,42,57
1662.5,71,1,0,42,57
1663.0,82,1,0,42,57
1663.5,101,1,0,42,57
1664.0,86,1,0,42,57
1664.5,98,1,0,42,57
1665.0,73,1,0,42,57
1665.5,102,1,0,42,57
1666.0,85,1,0,42,57
1666.5,96,1,0,42,57
1667.0,96,1,0,42,57
1667.5,87,1,0,42,57
1668.0,97,1,0,42,57
1668.5,59,1,0,42,57
1669.0,68,1,0,42,57
1669.5,58,1,0,42,57
1670.0,91,1,0,42,57
1670.5,75,1,0,42,57
1671.0,94,1,0,42,57
1671.5,74,1,0,42,57
1672.0,79,1,0,42,57
1672.5,75,1,0,42,57
1673.0,71,1,0,42,57
1673.5,106,1,0,42,57
1674.0,61,1,0,42,57
1674.5,113,1,0,42,57
1675.0,92,1,0,42,57
1675.5,78,1,0,42,57
1676.0,84,1,0,42,57
1676.5,93,1,0,42,57
1677.0,75,1,0,42,57
1677.5,86,1,0,42,57
1678.0,99,1,0,42,57
1678.5,108,1,0,42,57
1679.0,91,1,0,42,57
1679.5,95,1,0,42,57
1680.0,60,1,0,42,57
1680.5,74,1,0,42,57
1681.0,84,1,0,42,57
1681.5,102,1,0,42,57
1682.0,95,1,0,42,57
1682.5,99,1,0,42,57
1683.0,72,1,0,42,57
1683.5,87,1,0,42,57
1684.0,74,1,0,42,57
1684.5,85,1,0,42,57
1685.0,95,1,0,42,57
1685.5,63,1,0,42,57
1686.0,87,1,0,42,57
1686.5,107,1,0,42,57
1687.0,97,1,0,42,57
1687.5,96,1,0,42,57
1688.0,91,1,0,42,57
1688.5,75,1,0,42,57
1689.0,84,1,0,42,57
1689.5,86,1,0,42,57
1690.0,95,1,0,42,57
1690.5,96,1,0,42,57
1691.0,73,1,0,42,57
1691.5,97,1,0,42,57
1692.0,95,1,0,42,57
1692.5,91,1,0,42,57
1693.0,77,1,0,42,57
1693.5,95,1,0,42,57
1694.0,73,1,0,42,57
1694.5,94,1,0,42,57
1695.0,91,1,0,42,57
1695.5,83,1,0,42,57
1696.0,80,1,0,42,57
1696.5,96,1,0,42,57
1697.0,68,1,0,42,57
1697.5,107,1,0,42,57
1698.0,71,1,0,42,57
1698.5,78,1,0,42,57
1699.0,81,1,0,42,57
1699.5,92,1,0,42,57
1700.0,71,1,0,42,57
1700.5,78,1,0,42,57
1701.0,68,1,0,42,57
1701.5,75,1,0,42,57
1702.0,68,1,0,42,57
1702.5,62,1,0,42,57
1703.0,63,1,0,42,57
1703.5,69,1,0,42,57
1704.0,78,1,0,42,57
1704.5,80,1,0,42,57
1705.0,71,1,0,42,57
1705.5,69,1,0,42,57
1706.0,82,1,0,42,57
1706.5,90,1,0,42,57
1707.0,111,1,0,42,57
1707.5,90,1,0,42,57
1708.0,89,1,0,42,57
1708.5,103,1,0,42,57
1709.0,72,1,0,42,57
1709.5,73,1,0,42,57
1710.0,107,1,0,42,57
1710.5,79,1,0,42,57
1711.0,99,1,0,42,57
1711.5,89,1,0,42,57
1712.0,93,1,0,42,57
1712.5,81,1,0,42,57
1713.0,96,1,0,42,57
1713.5,77,1,0,42,57
1714.0,81,1,0,42,57
1714.5,79,1,0,42,57
1715.0,80,1,0,42,57
1715.5,98,1,0,42,57
1716.0,87,1,0,42,57
1716.5,85,1,0,42,57
1717.0,79,1,0,42,57
1717.5,92,1,0,42,57
1718.0,92,1,0,42,57
1718.5,65,1,0,42,57
1719.0,84,1,0,42,57
1719.5,130,1,0,42,57
1720.0,95,1,0,42,57
1720.5,85,1,0,42,57
1721.0,86,1,0,42,57
1721.5,80,1,0,42,57
1722.0,90,1,0,42,57
1722.5,78,1,0,42,57
1723.0,101,1,0,42,57
1723.5,91,1,0,42,57
1724.0,95,1,0,42,57
1724.5,79,1,0,42,57
1725.0,74,1,0,42,57
1725.5,69,1,0,42,57
1726.0,81,1,0,42,57
1726.5,101,1,0,42,57
1727.0,95,1,0,42,57
1727.5,87,1,0,42,57
1728.0,88,1,0,42,57
1728.5,95,1,0,42,57
1729.0,73,1,0,42,57
1729.5,76,1,0,42,57
1730.0,88,1,0,42,57
1730.5,79,1,0,42,57
1731.0,70,1,0,42,57
1731.5,58,1,0,42,57
1732.0,46,1,0,42,57
1732.5,103,1,0,42,57
1733.0,86,1,0,42,57
1733.5,88,1,0,42,57
1734.0,89,1,0,42,57
1734.5,97,1,0,42,57
1735.0,84,1,0,42,57
1735.5,90,1,0,42,57
1736.0,101,1,0,42,57
1736.5,71,1,0,42,57
1737.0,96,1,0,42,57
1737.5,77,1,0,42,57
1738.0,70,1,0,42,57
1738.5,74,1,0,42,57
1739.0,78,1,0,42,57
1739.5,94,1,0,42,57
1740.0,92,1,0,42,57
1740.5,79,1,0,42,57
1741.0,99,1,0,42,57
1741.5,80,1,0,42,57
1742.0,92,1,0,42,57
1742.5,81,1,0,42,57
1743.0,65,1,0,42,57
1743.5,87,1,0,42,57
1744.0,90,1,0,42,57
1744.5,90,1,0,42,57
1745.0,89,1,0,42,57
1745.5,108,1,0,42,57
1746.0,76,1,0,42,57
1746.5,94,1,0,42,57
1747.0,68,1,0,42,57
1747.5,91,1,0,42,57
1748.0,98,1,0,42,57
1748.5,89,1,0,42,57
1749.0,82,1,0,42,57
1749.5,93,1,0,42,57
1750.0,74,1,0,42,57
1750.5,60,1,0,42,57
1751.0,73,1,0,42,57
1751.5,99,1,0,42,57
1752.0,78,1,0,42,57
1752.5,101,1,0,42,57
1753.0,101,1,0,41,58
1753.5,80,1,0,41,58
1754.0,82,1,0,41,58
1754.5,73,1,0,41,58
1755.0,134,1,0,41,58
1755.5,111,1,0,41,58
1756.0,89,1,0,41,58
1756.5,100,1,0,41,58
1757.0,89,1,0,41,58
1757.5,95,1,0,41,58
1758.0,85,1,0,41,58
1758.5,96,1,0,41,58
1759.0,84,1,0,41,58
1759.5,68,1,0,41,58
1760.0,81,1,0,41,58
1760.5,104,1,0,41,58
1761.0,93,1,0,41,58
1761.5,93,1,0,41,58
1762.0,88,1,0,41,58
1762.5,94,1,0,41,58
1763.0,84,1,0,41,58
1763.5,73,1,0,41,58
1764.0,81,1,0,41,58
1764.5,85,1,0,41,58
1765.0,87,1,0,41,58
1765.5,76,1,0,41,58
1766.0,108,1,0,41,58
1766.5,114,1,0,41,58
1767.0,100,1,0,41,58
1767.5,111,1,0,41,58
1768.0,71,1,0,41,58
1768.5,64,1,0,41,58
1769.0,90,1,0,41,58
1769.5,104,1,0,41,58
1770.0,100,1,0,41,58
1770.5,84,1,0,41,58
1771.0,89,1,0,41,58
1771.5,74,1,0,41,58
1772.0,70,1,0,41,58
1772.5,76,1,0,41,58
1773.0,73,1,0,41,58
1773.5,65,1,0,41,58
1774.0,76,1,0,41,58
1774.5,82,1,0,41,58
1775.0,91,1,0,41,58
1775.5,69,1,0,41,58
1776.0,65,1,0,41,58
1776.5,66,1,0,41,58
1777.0,101,1,0,41,58
1777.5,76,1,0,41,58
1778.0,101,1,0,41,58
1778.5,92,1,0,41,58
1779.0,88,1,0,41,58
1779.5,79,1,0,41,58
1780.0,90,1,0,41,58
1780.5,71,1,0,41,58
1781.0,80,1,0,41,58
1781.5,68,1,0,41,58
1782.0,86,1,0,41,58
1782.5,96,1,0,41,58
1783.0,69,1,0,41,58
1783.5,64,1,0,41,58
1784.0,89,1,0,41,58
1784.5,70,1,0,41,58
1785.0,69,1,0,41,58
1785.5,117,1,0,41,58
1786.0,94,1,0,41,58
1786.5,92,1,0,41,58
1787.0,100,1,0,41,58
1787.5,116,1,0,41,58
1788.0,85,1,0,41,58
1788.5,79,1,0,41,58
1789.0,79,1,0,41,58
1789.5,94,1,0,41,58
1790.0,110,1,0,41,58
1790.5,62,1,0,41,58
1791.0,98,1,0,41,58
1791.5,89,1,0,41,58
1792.0,86,1,0,41,58
1792.5,83,1,0,41,58
1793.0,89,1,0,41,58
1793.5,105,1,0,41,58
1794.0,91,1,0,41,58
1794.5,82,1,0,41,58
1795.0,69,1,0,41,58
1795.5,85,1,0,41,58
1796.0,87,1,0,41,58
1796.5,81,1,0,41,58
1797.0,88,1,0,41,58
1797.5,95,1,0,41,58
1798.0,85,1,0,41,58
1798.5,83,1,0,41,58
1799.0,86,1,0,41,58
1799.5,91,1,0,41,58
1800.0,84,1,0,41,58
1800.5,81,1,0,41,58
1801.0,100,1,0,41,58
1801.5,96,1,0,41,58
1802.0,76,1,0,41,58
1802.5,83,1,0,41,58
1803.0,82,1,0,41,58
1803.5,60,1,0,41,58
1804.0,68,1,0,41,58
1804.5,75,1,0,41,58
1805.0,77,1,0,41,58
1805.5,74,1,0,41,58
1806.0,83,1,0,41,58
1806.5,80,1,0,40,59
1807.0,81,1,0,40,59
1807.5,78,1,0,40,59
1808.0,83,1,0,40,59
1808.5,83,1,0,40,59
1809.0,67,1,0,40,59
1809.5,80,1,0,40,59
1810.0,86,1,0,40,59
1810.5,76,1,0,40,59
1811.0,78,1,0,40,59
1811.5,94,1,0,40,59
1812.0,82,1,0,40,59
1812.5,90,1,0,40,59
1813.0,82,1,0,40,59
1813.5,119,1,0,40,59
1814.0,96,1,0,40,59
1814.5,72,1,0,40,59
1815.0,92,1,0,40,59
1815.5,94,1,0,40,59
1816.0,69,1,0,40,59
1816.5,68,1,0,40,59
1817.0,88,1,0,40,59
1817.5,89,1,0,40,59
1818.0,92,1,0,40,59
1818.5,63,1,0,40,59
1819.0,86,1,0,40,59
1819.5,75,1,0,40,59
1820.0,89,1,0,40,59
1820.5,84,1,0,40,59
1821.0,85,1,0,40,59
1821.5,94,1,0,40,59
1822.0,99,1,0,40,59
1822.5,97,1,0,40,59
1823.0,84,1,0,40,59
1823.5,70,1,0,40,59
1824.0,69,1,0,40,59
1824.5,95,1,0,40,59
1825.0,80,1,0,40,59
1825.5,91,1,0,40,59
1826.0,89,1,0,40,59
1826.5,87,1,0,40,59
1827.0,82,1,0,40,59
1827.5,97,1,0,40,59
1828.0,75,1,0,40,59
1828.5,84,1,0,40,59
1829.0,71,1,0,40,59
1829.5,69,1,0,40,59
1830.0,86,1,0,40,59
1830.5,54,1,0,40,59
1831.0,113,1,0,40,59
1831.5,99,1,0,40,59
1832.0,72,1,0,40,59
1832.5,72,1,0,40,59
1833.0,76,1,0,40,59
1833.5,109,1,0,40,59
1834.0,95,1,0,40,59
1834.5,89,1,0,40,59
1835.0,106,1,0,40,59
1835.5,81,1,0,40,59
1836.0,80,1,0,40,59
1836.5,69,1,0,40,59
1837.0,80,1,0,40,59
1837.5,79,1,0,40,59
1838.0,94,1,0,40,59
1838.5,77,1,0,40,59
1839.0,68,1,0,40,59
1839.5,93,1,0,40,59
1840.0,93,1,0,40,59
1840.5,94,1,0,40,59
1841.0,65,1,0,40,59
1841.5,101,1,0,40,59
1842.0,71,1,0,40,59
1842.5,94,1,0,40,59
1843.0,59,1,0,40,59
1843.5,90,1,0,40,59
1844.0,84,1,0,40,59
1844.5,65,1,0,40,59
1845.0,86,1,0,40,59
1845.5,82,1,0,40,59
1846.0,102,1,0,40,59
1846.5,105,1,0,40,59
1847.0,84,1,0,40,59
1847.5,70,1,0,40,59
1848.0,58,1,0,40,59
1848.5,87,1,0,40,59
1849.0,86,1,0,40,59
1849.5,83,1,0,40,59
1850.0,93,1,0,40,59
1850.5,98,1,0,40,59
1851.0,74,1,0,40,59
1851.5,92,1,0,40,59
1852.0,82,1,0,40,59
1852.5,71,1,0,40,59
1853.0,72,1,0,40,59
1853.5,77,1,0,40,59
1854.0,81,1,0,40,59
1854.5,59,1,0,40,59
1855.0,85,1,0,40,59
1855.5,75,1,0,40,59
1856.0,73,1,0,40,59
1856.5,69,1,0,40,59
1857.0,88,1,0,40,59
1857.5,73,1,0,40,59
1858.0,71,1,0,40,59
1858.5,96,1,0,40,59
1859.0,82,1,0,40,59
1859.5,59,1,0,40,59
1860.0,71,1,0,40,59
1860.5,97,1,0,40,59
1861.0,58,1,0,40,59
1861.5,87,1,0,40,59
1862.0,101,1,0,40,59
1862.5,72,1,0,40,59
1863.0,97,1,0,40,59
1863.5,73,1,0,40,59
1864.0,81,1,0,40,59
1864.5,71,1,0,40,59
1865.0,82,1,0,39,60
1865.5,106,1,0,39,60
1866.0,77,1,0,39,60
1866.5,73,1,0,39,60
1867.0,82,1,0,39,60
1867.5,65,1,0,39,60
1868.0,85,1,0,39,60
1868.5,70,1,0,39,60
1869.0,80,1,0,39,60
1869.5,84,1,0,39,60
1870.0,77,1,0,39,60
1870.5,78,1,0,39,60
1871.0,101,1,0,39,60
1871.5,94,1,0,39,60
1872.0,69,1,0,39,60
1872.5,95,1,0,39,60
1873.0,86,1,0,39,60
1873.5,67,1,0,39,60
1874.0,83,1,0,39,60
1874.5,84,1,0,39,60
1875.0,87,1,0,39,60
1875.5,63,1,0,39,60
1876.0,69,1,0,39,60
1876.5,77,1,0,39,60
1877.0,93,1,0,39,60
1877.5,73,1,0,39,60
1878.0,91,1,0,39,60
1878.5,107,1,0,39,60
1879.0,78,1,0,39,60
1879.5,74,1,0,39,60
1880.0,46,1,0,39,60
1880.5,97,1,0,39,60
1881.0,105,1,0,39,60
1881.5,86,1,0,39,60
1882.0,60,1,0,39,60
1882.5,71,1,0,39,60
1883.0,75,1,0,39,60
1883.5,76,1,0,39,60
1884.0,61,1,0,39,60
1884.5,100,1,0,39,60
1885.0,89,1,0,39,60
1885.5,77,1,0,39,60
1886.0,89,1,0,39,60
1886.5,57,1,0,39,60
1887.0,62,1,0,39,60
1887.5,58,1,0,39,60
1888.0,90,1,0,39,60
1888.5,97,1,0,39,60
1889.0,79,1,0,39,60
1889.5,61,1,0,39,60
1890.0,77,1,0,39,60
1890.5,68,1,0,39,60
1891.0,102,1,0,39,60
1891.5,81,1,0,39,60
1892.0,74,1,0,39,60
1892.5,71,1,0,39,60
1893.0,75,1,0,39,60
1893.5,99,1,0,39,60
1894.0,64,1,0,39,60
1894.5,89,1,0,39,60
1895.0,51,1,0,39,60
1895.5,83,1,0,39,60
1896.0,87,1,0,39,60
1896.5,71,1,0,39,60
1897.0,70,1,0,39,60
1897.5,89,1,0,39,60
1898.0,91,1,0,39,60
1898.5,84,1,0,39,60
1899.0,105,1,0,39,60
1899.5,74,1,0,39,60
1900.0,74,1,0,39,60
1900.5,70,1,0,39,60
1901.0,54,1,0,39,60
1901.5,77,1,0,39,60
1902.0,85,1,0,39,60
1902.5,87,1,0,39,60
1903.0,95,1,0,39,60
1903.5,96,1,0,39,60
1904.0,70,1,0,39,60
1904.5,84,1,0,39,60
1905.0,85,1,0,39,60
1905.5,81,1,0,39,60
1906.0,85,1,0,39,60
1906.5,67,1,0,39,60
1907.0,67,1,0,39,60
1907.5,73,1,0,39,60
1908.0,89,1,0,39,60
1908.5,85,1,0,39,60
1909.0,76,1,0,39,60
1909.5,85,1,0,39,60
1910.0,89,1,0,39,60
1910.5,80,1,0,39,60
1911.0,75,1,0,39,60
1911.5,58,1,0,39,60
1912.0,70,1,0,39,60
1912.5,61,1,0,39,60
1913.0,68,1,0,39,60
1913.5,88,1,0,39,60
1914.0,81,1,0,39,60
1914.5,65,1,0,39,60
1915.0,61,1,0,39,60
1915.5,79,1,0,39,60
1916.0,77,1,0,39,60
1916.5,101,1,0,39,60
1917.0,79,1,0,39,60
1917.5,77,1,0,39,60
1918.0,98,1,0,39,60
1918.5,69,1,0,39,60
1919.0,89,1,0,39,60
1919.5,81,1,0,39,60
1920.0,88,1,0,39,60
1920.5,79,1,0,39,60
1921.0,87,1,0,39,60
1921.5,95,1,0,39,60
1922.0,94,1,0,39,60
1922.5,87,1,0,39,60
1923.0,76,1,0,39,60
1923.5,79,1,0,39,60
1924.0,79,1,0,39,60
1924.5,95,1,0,39,60
1925.0,95,1,0,39,60
1925.5,70,1,0,39,60
1926.0,65,1,0,39,60
1926.5,102,1,0,39,60
1927.0,77,1,0,39,60
1927.5,70,1,0,39,60
1928.0,74,1,0,39,60
1928.5,75,1,0,39,60
1929.0,79,1,0,39,60
1929.5,94,1,0,39,60
1930.0,72,1,0,39,60
1930.5,94,1,0,39,60
1931.0,76,1,0,39,60
1931.5,77,1,0,39,60
1932.0,80,1,0,39,60
1932.5,60,1,0,39,60
1933.0,69,1,0,39,60
1933.5,78,1,0,39,60
1934.0,89,1,0,39,60
1934.5,81,1,0,39,60
1935.0,87,1,0,39,60
1935.5,80,1,0,39,60
1936.0,79,1,0,39,60
1936.5,103,1,0,39,60
1937.0,89,1,0,39,60
1937.5,93,1,0,39,60
1938.0,85,1,0,39,60
1938.5,115,1,0,39,60
1939.0,60,1,0,39,60
1939.5,81,1,0,39,60
1940.0,80,1,0,39,60
1940.5,85,1,0,39,60
1941.0,82,1,0,39,60
1941.5,68,1,0,39,60
1942.0,73,1,0,39,60
1942.5,73,1,0,39,60
1943.0,97,1,0,39,60
1943.5,89,1,0,39,60
1944.0,91,1,0,39,60
1944.5,79,1,0,39,60
1945.0,86,1,0,39,60
1945.5,76,1,0,39,60
1946.0,97,1,0,39,60
1946.5,91,1,0,39,60
1947.0,69,1,0,39,60
1947.5,83,1,0,39,60
1948.0,69,1,0,39,60
1948.5,83,1,0,39,60
1949.0,86,1,0,39,60
1949.5,82,1,0,39,60
1950.0,83,1,0,39,60
1950.5,62,1,0,39,60
1951.0,82,1,0,39,60
1951.5,91,1,0,39,60
1952.0,56,1,0,39,60
1952.5,93,1,0,39,60
1953.0,86,1,0,39,60
1953.5,79,1,0,39,60
1954.0,73,1,0,39,60
1954.5,74,1,0,39,60
1955.0,96,1,0,39,60
1955.5,107,1,0,39,60
1956.0,85,1,0,39,60
1956.5,77,1,0,39,60
1957.0,91,1,0,39,60
1957.5,88,1,0,39,60
1958.0,66,1,0,39,60
1958.5,84,1,0,39,60
1959.0,86,1,0,39,60
1959.5,81,1,0,39,60
1960.0,72,1,0,39,60
1960.5,87,1,0,39,60
1961.0,74,1,0,39,60
1961.5,80,1,0,39,60
1962.0,55,1,0,39,60
1962.5,77,1,0,39,60
1963.0,70,1,0,39,60
1963.5,77,1,0,39,60
1964.0,84,1,0,39,60
1964.5,84,1,0,39,60
1965.0,90,1,0,39,60
1965.5,58,1,0,39,60
1966.0,77,1,0,39,60
1966.5,77,1,0,39,60
1967.0,74,1,0,39,60
1967.5,69,1,0,39,60
1968.0,74,1,0,39,60
1968.5,98,1,0,39,60
1969.0,76,1,0,39,60
1969.5,94,1,0,39,60
1970.0,85,1,0,38,61
1970.5,93,1,0,38,61
1971.0,86,1,0,38,61
1971.5,113,1,0,38,61
1972.0,74,1,0,38,61
1972.5,81,1,0,38,61
1973.0,79,1,0,38,61
1973.5,63,1,0,38,61
1974.0,60,1,0,38,61
1974.5,74,1,0,38,61
1975.0,70,1,0,38,61
1975.5,69,1,0,38,61
1976.0,73,1,0,38,61
1976.5,78,1,0,38,61
1977.0,86,1,0,38,61
1977.5,91,1,0,38,61
1978.0,73,1,0,38,61
1978.5,88,1,0,38,61
1979.0,84,1,0,38,61
1979.5,94,1,0,38,61
1980.0,70,1,0,38,61
1980.5,72,1,0,38,61
1981.0,88,1,0,38,61
1981.5,83,1,0,38,61
1982.0,66,1,0,38,61
1982.5,108,1,0,38,61
1983.0,79,1,0,38,61
1983.5,82,1,0,38,61
1984.0,92,1,0,38,61
1984.5,73,1,0,38,61
1985.0,76,1,0,38,61
1985.5,76,1,0,38,61
1986.0,91,1,0,38,61
1986.5,55,1,0,38,61
1987.0,77,1,0,38,61
1987.5,67,1,0,38,61
1988.0,93,1,0,38,61
1988.5,67,1,0,38,61
1989.0,54,1,0,38,61
1989.5,76,1,0,38,61
1990.0,73,1,0,37,62
1990.5,77,1,0,37,62
1991.0,78,1,0,37,62
1991.5,84,1,0,37,62
1992.0,90,1,0,37,62
1992.5,66,1,0,37,62
1993.0,58,1,0,37,62
1993.5,82,1,0,37,62
1994.0,70,1,0,37,62
1994.5,71,1,0,37,62
1995.0,64,1,0,37,62
1995.5,107,1,0,37,62
1996.0,58,1,0,37,62
1996.5,73,1,0,36,63
1997.0,69,1,0,36,63
1997.5,71,1,0,36,63
1998.0,66,1,0,36,63
1998.5,71,1,0,36,63
1999.0,99,1,0,36,63
1999.5,66,1,0,36,63
